observation_date,biome,temperature,humidity,light_level,mob_type,mob_count
2024-05-02,Swamp,23.31,95.26,9,Skeleton,12
2024-02-13,Desert,31.06,35.8,7,Zombie,2
2024-09-21,Forest,26.41,88.98,12,Zombie,1
2024-09-09,Plains,17.68,28.06,0,Skeleton,8
2024-11-01,Forest,24.24,77.49,0,Skeleton,1
2024-08-01,Forest,23.57,73.98,11,Skeleton,1
2024-06-05,Jungle,25.87,66.12,7,Creeper,4
2024-02-23,Desert,32.12,17.4,6,Skeleton,1
2024-07-01,Forest,18.71,37.74,7,Zombie,2
2024-08-05,Desert,27.36,46.86,8,Enderman,1
2024-08-23,Taiga,16.44,42.09,15,Spider,5
2024-03-27,Desert,31.41,18.34,1,Zombie,1
2024-09-14,Swamp,24.92,33.02,4,Zombie,1
2024-10-10,Plains,17.44,40.61,1,Creeper,1
2024-05-31,Desert,29.25,8.33,0,Creeper,2
2024-05-24,Desert,32.88,0.0,4,Spider,1
2024-01-12,Forest,20.23,15.69,11,Spider,1
2024-02-02,Swamp,15.71,26.76,10,Spider,0
2024-05-23,Forest,19.88,54.7,2,Skeleton,1
2024-09-20,Plains,15.88,77.69,5,Zombie,10
2024-01-30,Forest,22.39,50.19,10,Creeper,4
2024-10-27,Desert,30.38,59.77,0,Creeper,2
2024-04-13,Mountains,12.51,18.1,15,Skeleton,6
2024-11-02,Taiga,10.45,3.63,8,Zombie,6
2024-09-06,Plains,17.47,57.32,14,Creeper,2
2024-11-02,Plains,22.61,78.87,9,Spider,2
2024-10-30,Plains,4.32,14.91,9,Skeleton,2
2024-07-23,Taiga,12.21,65.11,9,Skeleton,0
2024-05-13,Forest,20.64,97.66,15,Skeleton,2
2024-11-29,Forest,15.47,42.54,10,Enderman,1
2024-10-19,Jungle,22.61,35.91,9,Skeleton,3
2024-07-04,Forest,20.76,98.61,13,Creeper,9
2024-10-17,Swamp,22.35,40.54,11,Spider,7
2024-05-10,Desert,32.03,59.25,5,Enderman,2
2024-08-25,Forest,31.56,34.08,11,Enderman,2
2024-01-27,Taiga,4.76,26.33,7,Spider,3
2024-03-01,Forest,13.97,53.83,7,Skeleton,9
2024-11-13,Forest,10.71,1.11,6,Creeper,4
2024-12-21,Taiga,8.05,37.02,15,Creeper,5
2024-11-24,Desert,28.46,47.12,5,Skeleton,0
2024-01-20,Mountains,13.75,72.89,5,Spider,2
2024-08-02,Plains,28.11,9.89,14,Enderman,2
2024-08-18,Jungle,21.43,34.21,1,Creeper,2
2024-04-22,Mountains,15.47,48.16,2,Zombie,4
2024-02-11,Plains,12.23,13.52,15,Spider,6
2024-08-08,Jungle,28.15,71.67,5,Spider,9
2024-05-12,Forest,25.36,6.18,7,Skeleton,0
2024-10-15,Taiga,15.43,21.76,10,Zombie,7
2024-09-24,Forest,21.11,39.22,3,Spider,3
2024-02-16,Taiga,12.47,19.8,10,Creeper,0
2024-06-18,Desert,19.34,59.87,11,Skeleton,2
2024-04-16,Swamp,23.19,59.25,7,Spider,3
2024-11-18,Plains,26.09,63.58,9,Zombie,5
2024-01-21,Jungle,17.75,85.79,8,Zombie,1
2024-01-12,Forest,19.95,10.07,0,Zombie,4
2024-02-01,Desert,35.05,25.0,7,Enderman,1
2024-09-28,Plains,24.85,4.47,2,Skeleton,0
2024-12-25,Swamp,19.55,63.04,0,Skeleton,2
2024-10-29,Desert,23.09,42.91,9,Spider,0
2024-03-03,Swamp,19.76,100.0,2,Zombie,2
2024-04-14,Jungle,29.72,27.17,9,Spider,3
2024-09-05,Desert,19.07,2.57,10,Skeleton,8
2024-02-18,Jungle,23.36,32.2,15,Creeper,2
2024-12-08,Forest,17.09,45.6,2,Spider,5
2024-11-14,Desert,21.68,47.52,9,Creeper,4
2024-07-26,Desert,33.15,42.81,5,Creeper,3
2024-09-04,Forest,20.05,81.28,12,Spider,1
2024-11-30,Forest,17.28,50.63,4,Creeper,3
2024-04-15,Jungle,25.03,82.71,7,Spider,0
2024-05-05,Taiga,12.84,41.48,10,Creeper,1
2024-04-24,Forest,14.4,93.31,14,Zombie,4
2024-03-11,Plains,17.03,74.66,4,Skeleton,1
2024-06-12,Taiga,12.93,86.36,6,Skeleton,4
2024-12-17,Forest,19.12,52.89,7,Zombie,3
2024-11-23,Taiga,9.49,54.08,9,Zombie,4
2024-01-22,Desert,31.42,14.71,8,Creeper,5
2024-10-01,Desert,30.06,61.35,12,Skeleton,3
2024-12-27,Forest,28.87,42.42,8,Zombie,6
2024-05-07,Forest,19.23,61.55,2,Creeper,7
2024-01-26,Plains,16.76,26.8,10,Zombie,1
2024-02-06,Swamp,14.05,93.98,2,Zombie,1
2024-02-24,Desert,30.03,66.1,13,Creeper,5
2024-05-18,Desert,23.47,18.34,6,Spider,3
2024-05-15,Desert,21.36,0.0,5,Skeleton,3
2024-01-10,Forest,15.14,86.51,13,Skeleton,3
2024-12-03,Jungle,13.53,35.81,9,Creeper,10
2024-04-24,Desert,29.9,25.96,6,Skeleton,7
2024-02-23,Desert,31.28,0.0,15,Spider,1
2024-09-14,Forest,18.7,12.87,8,Creeper,1
2024-06-22,Desert,20.43,53.34,9,Spider,4
2024-08-16,Forest,19.81,89.58,0,Zombie,2
2024-06-03,Jungle,20.51,27.88,10,Zombie,2
2024-03-08,Mountains,16.38,64.6,15,Creeper,0
2024-04-24,Plains,17.78,93.91,13,Zombie,2
2024-06-18,Desert,33.13,0.0,10,Zombie,1
2024-12-17,Taiga,6.34,69.24,3,Zombie,6
2024-08-11,Desert,30.4,0.0,13,Spider,3
2024-02-13,Forest,20.46,86.87,8,Spider,1
2024-05-13,Jungle,17.08,99.84,15,Skeleton,0
2024-02-22,Plains,25.81,75.56,2,Creeper,2
2024-12-05,Forest,23.28,38.89,8,Zombie,2
2024-06-06,Plains,22.45,15.1,0,Skeleton,2
2024-12-29,Jungle,30.5,30.15,2,Creeper,4
2024-03-30,Desert,30.53,0.0,12,Spider,3
2024-05-16,Desert,29.93,8.33,14,Zombie,2
2024-02-20,Forest,27.91,28.8,5,Spider,3
2024-03-24,Forest,16.25,63.89,13,Spider,0
2024-07-20,Mountains,25.87,53.23,9,Creeper,5
2024-02-08,Plains,14.79,48.49,2,Spider,6
2024-02-16,Desert,37.16,0.0,2,Spider,5
2024-11-18,Jungle,24.16,45.67,13,Zombie,2
2024-12-17,Mountains,25.32,36.83,7,Creeper,8
2024-04-19,Swamp,11.59,100.0,12,Enderman,1
2024-01-13,Forest,25.05,10.36,6,Skeleton,5
2024-10-09,Desert,32.91,0.0,8,Creeper,6
2024-07-28,Desert,28.99,58.34,3,Spider,3
2024-01-16,Desert,23.9,0.0,11,Zombie,4
2024-01-01,Swamp,19.65,24.89,12,Spider,3
2024-10-24,Taiga,13.65,65.07,13,Creeper,3
2024-09-30,Forest,23.72,91.17,14,Zombie,1
2024-04-18,Swamp,27.0,21.46,0,Skeleton,2
2024-07-06,Taiga,17.71,65.38,1,Skeleton,8
2024-11-13,Forest,29.85,91.16,3,Creeper,3
2024-03-19,Swamp,27.48,61.18,14,Skeleton,1
2024-05-28,Taiga,14.48,89.49,3,Spider,3
2024-06-25,Desert,28.12,62.71,13,Zombie,5
2024-08-31,Mountains,20.55,48.11,6,Creeper,2
2024-12-21,Forest,24.59,65.12,6,Zombie,4
2024-12-06,Forest,20.38,36.78,9,Enderman,1
2024-11-26,Swamp,21.44,100.0,12,Skeleton,1
2024-03-28,Forest,29.06,56.15,6,Skeleton,1
2024-04-28,Forest,19.93,61.17,5,Creeper,2
2024-07-26,Taiga,8.65,86.04,14,Spider,1
2024-01-04,Forest,22.05,6.68,5,Creeper,2
2024-11-18,Forest,23.3,7.32,0,Zombie,2
2024-02-18,Mountains,29.29,89.62,10,Skeleton,2
2024-08-10,Desert,36.13,65.49,6,Skeleton,5
2024-12-10,Plains,21.31,75.25,4,Spider,1
2024-09-02,Swamp,23.17,59.55,15,Spider,0
2024-02-04,Desert,29.81,24.17,2,Zombie,2
2024-02-06,Mountains,19.5,64.05,3,Skeleton,1
2024-01-17,Forest,18.8,18.0,5,Spider,2
2024-03-09,Swamp,16.15,97.64,6,Zombie,4
2024-05-25,Desert,32.45,0.0,1,Skeleton,3
2024-07-22,Forest,4.03,58.89,10,Zombie,2
2024-01-18,Jungle,16.73,61.37,6,Zombie,1
2024-06-12,Taiga,24.45,4.94,8,Skeleton,4
2024-12-25,Forest,19.01,59.94,3,Zombie,2
2024-10-10,Taiga,19.28,69.45,8,Skeleton,0
2024-08-04,Mountains,20.61,23.87,11,Skeleton,1
2024-04-30,Plains,17.56,53.91,15,Skeleton,0
2024-06-26,Mountains,25.42,67.35,15,Zombie,0
2024-02-16,Desert,31.69,45.01,6,Zombie,3
2024-09-29,Jungle,19.1,59.63,12,Skeleton,5
2024-12-16,Desert,34.8,8.32,9,Skeleton,3
2024-08-20,Swamp,19.96,100.0,12,Zombie,2
2024-05-12,Plains,11.34,36.16,10,Skeleton,1
2024-04-12,Plains,16.65,31.31,8,Creeper,8
2024-07-04,Plains,24.39,94.49,8,Creeper,5
2024-01-19,Desert,28.84,0.0,5,Skeleton,3
2024-10-07,Forest,25.63,69.05,10,Zombie,3
2024-05-02,Forest,29.09,87.6,13,Zombie,0
2024-01-16,Desert,26.45,45.24,0,Skeleton,10
2024-09-29,Mountains,24.82,64.7,8,Skeleton,3
2024-03-07,Forest,28.61,69.32,8,Enderman,2
2024-02-13,Forest,17.98,81.23,0,Zombie,6
2024-07-14,Taiga,13.83,80.87,8,Creeper,1
2024-12-17,Taiga,17.19,42.92,15,Skeleton,4
2024-09-01,Desert,38.88,53.58,7,Skeleton,2
2024-04-06,Plains,17.73,34.0,0,Zombie,5
2024-04-23,Jungle,20.76,17.66,5,Spider,1
2024-02-15,Swamp,20.52,37.22,7,Creeper,2
2024-07-18,Forest,19.23,2.17,14,Zombie,3
2024-02-01,Mountains,16.7,24.01,12,Skeleton,0
2024-04-06,Jungle,22.37,71.75,11,Zombie,3
2024-03-27,Forest,20.98,59.27,12,Creeper,5
2024-01-12,Jungle,18.91,9.16,12,Zombie,3
2024-07-10,Plains,25.68,53.04,0,Skeleton,6
2024-06-11,Jungle,18.12,49.24,7,Skeleton,2
2024-09-26,Plains,23.64,11.13,10,Spider,1
2024-01-06,Desert,34.93,0.0,1,Zombie,2
2024-08-04,Taiga,15.88,14.3,7,Zombie,4
2024-11-15,Plains,26.35,26.36,9,Creeper,5
2024-04-29,Plains,30.99,42.63,12,Skeleton,2
2024-07-03,Forest,21.04,49.44,15,Zombie,12
2024-10-30,Jungle,19.38,72.05,8,Zombie,5
2024-11-19,Desert,26.99,13.5,10,Creeper,12
2024-12-01,Jungle,22.3,13.35,1,Zombie,6
2024-05-16,Desert,23.24,55.26,2,Skeleton,3
2024-06-21,Forest,20.92,33.99,0,Zombie,4
2024-07-17,Jungle,17.42,58.66,5,Creeper,1
2024-10-23,Jungle,18.54,63.65,7,Skeleton,2
2024-02-01,Jungle,19.8,2.41,8,Creeper,2
2024-07-19,Taiga,19.49,26.34,1,Spider,0
2024-01-10,Mountains,16.48,40.1,10,Skeleton,1
2024-09-08,Forest,20.44,81.52,13,Creeper,5
2024-01-20,Jungle,21.84,86.05,0,Skeleton,6
2024-08-04,Mountains,19.8,45.63,10,Skeleton,5
2024-10-28,Mountains,17.35,83.93,13,Creeper,5
2024-11-09,Jungle,27.78,34.96,0,Zombie,3
2024-02-27,Plains,20.48,43.79,1,Zombie,1
2024-02-17,Desert,34.87,3.08,0,Zombie,2
2024-09-09,Forest,26.61,86.45,8,Zombie,9
2024-03-08,Desert,23.4,64.81,11,Zombie,6
2024-04-15,Taiga,14.59,77.74,7,Zombie,3
2024-06-02,Forest,22.37,15.68,7,Zombie,1
2024-08-22,Swamp,27.78,79.71,3,Zombie,5
2024-04-29,Forest,23.39,28.28,9,Zombie,5
2024-07-18,Taiga,7.65,70.83,8,Creeper,3
2024-06-10,Taiga,6.55,15.47,14,Skeleton,5
2024-08-11,Jungle,24.16,24.36,1,Spider,0
2024-10-12,Forest,17.23,68.02,9,Zombie,0
2024-05-03,Forest,22.22,38.27,3,Creeper,4
2024-06-19,Desert,29.62,54.62,9,Spider,8
2024-01-14,Plains,24.7,91.1,7,Creeper,0
2024-08-19,Jungle,19.28,99.21,12,Zombie,0
2024-02-01,Desert,21.97,39.07,15,Zombie,3
2024-10-17,Plains,23.53,78.11,5,Creeper,7
2024-09-11,Plains,22.17,20.43,15,Spider,8
2024-07-15,Swamp,23.85,94.12,3,Spider,3
2024-01-04,Forest,9.57,95.96,0,Zombie,2
2024-11-06,Swamp,17.99,88.08,3,Zombie,2
2024-07-02,Forest,22.87,80.87,8,Zombie,2
2024-04-08,Mountains,23.24,47.74,9,Zombie,5
2024-12-03,Desert,30.2,5.16,7,Zombie,7
2024-09-10,Taiga,9.55,54.05,9,Zombie,2
2024-03-23,Swamp,14.06,43.17,1,Skeleton,1
2024-04-07,Plains,19.49,75.3,7,Skeleton,1
2024-08-22,Plains,21.8,22.53,12,Skeleton,6
2024-12-03,Plains,15.29,37.45,11,Creeper,3
2024-09-28,Taiga,12.44,63.46,3,Skeleton,4
2024-09-21,Jungle,19.89,74.93,8,Creeper,0
2024-01-05,Plains,24.63,12.16,1,Zombie,1
2024-11-15,Desert,26.53,27.78,13,Zombie,2
2024-02-19,Swamp,19.69,92.92,14,Skeleton,3
2024-01-11,Forest,22.14,98.02,0,Zombie,0
2024-11-12,Swamp,19.07,70.91,4,Zombie,8
2024-04-09,Forest,24.77,32.65,4,Skeleton,1
2024-10-21,Jungle,16.6,30.43,10,Zombie,6
2024-10-23,Jungle,13.12,0.99,3,Zombie,2
2024-08-03,Jungle,20.29,28.81,3,Zombie,3
2024-01-30,Swamp,21.86,70.86,7,Creeper,1
2024-10-03,Swamp,23.63,71.34,9,Enderman,2
2024-09-30,Swamp,12.96,74.27,14,Spider,3
2024-11-12,Mountains,21.45,57.17,13,Creeper,1
2024-02-04,Mountains,15.08,14.78,3,Skeleton,0
2024-06-23,Forest,19.54,1.69,9,Spider,4
2024-11-23,Taiga,19.92,59.18,0,Zombie,1
2024-10-21,Jungle,18.1,18.92,11,Creeper,3
2024-09-02,Taiga,21.42,49.62,14,Zombie,0
2024-03-20,Mountains,18.72,48.9,3,Creeper,1
2024-10-16,Desert,25.09,1.9,10,Zombie,8
2024-10-24,Mountains,11.57,23.84,0,Zombie,5
2024-06-25,Plains,24.21,96.67,0,Creeper,1
2024-01-19,Forest,17.83,79.77,14,Creeper,0
2024-11-19,Forest,22.06,4.18,0,Zombie,5
2024-08-11,Swamp,22.77,100.0,15,Spider,5
2024-12-01,Jungle,24.88,23.89,3,Spider,2
2024-06-12,Plains,28.4,85.94,7,Creeper,1
2024-02-28,Desert,32.77,52.41,15,Zombie,0
2024-01-15,Taiga,26.35,83.65,6,Spider,5
2024-10-20,Desert,31.02,0.0,2,Zombie,6
2024-04-25,Plains,27.01,19.43,8,Skeleton,6
2024-12-30,Plains,21.75,41.28,11,Zombie,3
2024-05-06,Forest,23.13,33.43,15,Zombie,0
2024-05-07,Forest,22.37,70.43,3,Zombie,2
2024-02-04,Swamp,22.88,100.0,13,Spider,4
2024-02-19,Forest,21.29,71.45,0,Zombie,1
2024-09-22,Taiga,14.27,57.75,2,Creeper,5
2024-02-22,Swamp,23.26,100.0,9,Skeleton,2
2024-09-15,Swamp,17.54,77.18,12,Spider,3
2024-07-28,Swamp,23.39,84.27,15,Skeleton,1
2024-02-03,Jungle,19.78,9.67,11,Spider,2
2024-11-05,Desert,24.63,54.96,1,Enderman,2
2024-05-01,Forest,16.47,9.59,6,Skeleton,3
2024-06-05,Forest,19.33,78.32,15,Enderman,1
2024-04-08,Forest,17.67,42.18,10,Spider,5
2024-02-12,Desert,28.5,27.1,1,Creeper,9
2024-05-19,Desert,26.18,58.49,10,Spider,1
2024-04-15,Jungle,22.58,0.91,1,Zombie,2
2024-11-07,Swamp,22.94,25.66,4,Enderman,9
2024-05-19,Plains,18.89,25.84,11,Zombie,2
2024-12-23,Mountains,21.02,68.97,0,Spider,4
2024-11-15,Plains,17.94,19.24,0,Spider,2
2024-06-03,Taiga,15.49,19.2,2,Skeleton,2
2024-12-04,Mountains,19.25,62.59,2,Skeleton,0
2024-05-21,Swamp,21.0,100.0,2,Skeleton,2
2024-08-06,Plains,23.22,55.27,0,Spider,2
2024-10-14,Jungle,17.45,95.04,0,Skeleton,4
2024-09-03,Swamp,31.39,35.66,9,Creeper,3
2024-10-13,Forest,16.59,58.47,1,Spider,5
2024-10-31,Swamp,20.77,72.57,14,Zombie,4
2024-11-08,Jungle,25.48,33.66,7,Creeper,3
2024-12-09,Plains,16.62,70.93,6,Spider,4
2024-07-25,Mountains,33.1,50.88,3,Zombie,5
2024-02-11,Desert,26.84,35.45,11,Zombie,4
2024-08-25,Swamp,28.4,69.13,5,Zombie,0
2024-07-06,Desert,29.17,15.59,4,Creeper,0
2024-05-11,Forest,24.6,90.64,1,Skeleton,3
2024-09-17,Desert,29.93,0.0,7,Creeper,2
2024-05-10,Jungle,17.66,70.45,10,Skeleton,3
2024-03-05,Forest,15.41,99.73,11,Creeper,3
2024-02-24,Forest,29.65,47.5,7,Skeleton,3
2024-12-10,Forest,18.52,21.6,11,Skeleton,1
2024-11-18,Desert,32.63,7.85,2,Zombie,12
2024-05-23,Taiga,14.24,36.84,10,Zombie,4
2024-01-31,Forest,24.7,67.86,2,Zombie,0
2024-04-01,Taiga,13.14,1.55,5,Skeleton,5
2024-01-20,Jungle,21.8,94.08,10,Spider,13
2024-12-11,Plains,25.42,29.81,11,Skeleton,2
2024-06-04,Desert,28.28,0.0,12,Skeleton,0
2024-09-25,Desert,25.64,63.77,11,Zombie,0
2024-11-20,Jungle,20.99,31.68,7,Skeleton,1
2024-03-26,Jungle,18.48,11.83,12,Zombie,2
2024-04-05,Forest,20.52,79.59,12,Skeleton,1
2024-12-26,Mountains,29.58,40.38,0,Zombie,2
2024-05-14,Taiga,16.52,96.9,9,Spider,2
2024-04-14,Desert,33.53,0.0,15,Skeleton,2
2024-10-30,Plains,18.39,2.77,5,Spider,2
2024-09-18,Desert,28.4,61.93,9,Spider,1
2024-10-07,Plains,20.25,69.08,14,Zombie,1
2024-01-14,Forest,20.02,30.86,13,Creeper,8
2024-04-06,Forest,25.62,76.17,13,Skeleton,3
2024-05-01,Jungle,16.99,82.36,0,Skeleton,0
2024-08-26,Forest,21.79,33.56,13,Skeleton,1
2024-08-24,Jungle,20.74,17.01,9,Creeper,2
2024-05-28,Forest,16.91,35.94,10,Spider,2
2024-11-17,Desert,35.78,1.22,10,Zombie,3
2024-11-12,Swamp,18.28,76.53,4,Creeper,0
2024-10-09,Forest,16.37,69.45,0,Zombie,0
2024-08-12,Swamp,14.2,90.74,12,Spider,1
2024-02-17,Forest,20.97,71.31,6,Zombie,2
2024-04-12,Desert,23.86,28.92,15,Spider,7
2024-07-27,Forest,20.76,2.31,12,Zombie,2
2024-08-14,Forest,14.73,50.05,8,Skeleton,1
2024-12-07,Plains,16.78,5.16,11,Zombie,2
2024-10-27,Forest,25.67,53.02,2,Zombie,3
2024-10-19,Plains,22.38,43.38,6,Zombie,6
2024-05-29,Swamp,13.6,80.41,10,Skeleton,2
2024-06-10,Taiga,16.59,32.38,11,Zombie,5
2024-05-18,Forest,15.7,9.72,5,Enderman,6
2024-09-05,Jungle,21.2,42.69,2,Skeleton,9
2024-10-20,Plains,25.22,60.23,8,Zombie,0
2024-12-18,Jungle,10.12,31.56,3,Spider,13
2024-06-27,Forest,20.04,86.11,1,Skeleton,3
2024-05-17,Taiga,23.86,32.83,12,Creeper,1
2024-08-08,Forest,25.86,24.36,8,Zombie,4
2024-05-06,Jungle,16.48,80.67,11,Spider,2
2024-11-15,Forest,20.96,28.08,1,Skeleton,9
2024-01-19,Plains,21.87,50.81,12,Creeper,5
2024-10-12,Forest,18.51,55.73,5,Creeper,5
2024-07-07,Taiga,17.71,99.04,8,Skeleton,2
2024-02-06,Desert,27.43,0.0,10,Zombie,4
2024-09-15,Plains,19.62,6.22,2,Creeper,5
2024-03-04,Desert,29.2,12.87,3,Skeleton,1
2024-04-18,Taiga,8.37,34.6,13,Skeleton,5
2024-09-09,Forest,18.7,9.45,2,Zombie,2
2024-07-09,Plains,22.44,20.49,7,Zombie,7
2024-06-05,Plains,31.33,36.06,9,Zombie,5
2024-04-08,Forest,20.31,50.34,12,Creeper,2
2024-03-19,Plains,17.78,52.58,6,Spider,1
2024-05-18,Forest,13.51,22.63,10,Spider,5
2024-05-09,Taiga,9.58,52.6,15,Creeper,2
2024-10-14,Jungle,13.8,13.41,10,Skeleton,2
2024-01-24,Taiga,19.48,63.1,12,Skeleton,2
2024-12-12,Jungle,20.45,21.81,7,Spider,4
2024-08-05,Forest,21.14,7.66,8,Creeper,5
2024-10-18,Forest,17.77,97.27,2,Creeper,0
2024-10-02,Desert,28.25,43.57,5,Zombie,9
2024-06-29,Taiga,19.96,92.2,7,Zombie,4
2024-07-20,Taiga,19.28,28.79,7,Enderman,3
2024-11-27,Forest,18.3,0.4,15,Zombie,2
2024-12-19,Desert,31.44,15.03,4,Creeper,3
2024-02-21,Forest,23.03,72.18,9,Creeper,7
2024-03-31,Forest,21.51,83.7,11,Skeleton,5
2024-08-21,Forest,24.29,11.85,4,Creeper,0
2024-09-16,Jungle,20.89,44.16,11,Enderman,0
2024-08-27,Taiga,11.91,85.85,8,Spider,2
2024-12-19,Forest,16.02,92.37,9,Creeper,1
2024-05-10,Plains,17.26,28.87,7,Skeleton,1
2024-06-27,Taiga,23.21,56.08,7,Zombie,2
2024-06-27,Forest,32.19,38.39,6,Zombie,4
2024-04-15,Swamp,26.89,98.97,3,Creeper,4
2024-02-07,Swamp,18.33,31.13,15,Zombie,0
2024-10-07,Taiga,18.59,72.22,5,Zombie,3
2024-01-20,Forest,15.22,8.35,5,Zombie,0
2024-07-20,Forest,14.86,4.85,14,Skeleton,6
2024-03-28,Taiga,8.15,69.4,13,Skeleton,2
2024-11-25,Plains,16.11,0.4,8,Zombie,1
2024-08-18,Desert,34.98,35.87,8,Zombie,3
2024-06-01,Mountains,19.5,35.85,11,Spider,1
2024-05-22,Mountains,24.14,66.15,13,Enderman,2
2024-12-10,Plains,28.97,20.78,8,Creeper,1
2024-02-19,Swamp,25.33,55.21,10,Skeleton,4
2024-07-23,Plains,17.95,23.7,3,Enderman,2
2024-10-03,Plains,26.44,57.23,8,Spider,2
2024-04-03,Taiga,11.38,40.26,5,Zombie,2
2024-01-09,Forest,20.46,51.27,1,Skeleton,1
2024-09-12,Plains,12.94,48.15,0,Zombie,2
2024-05-17,Mountains,21.13,85.11,7,Zombie,2
2024-08-04,Swamp,9.74,50.08,3,Spider,0
2024-10-19,Plains,17.21,92.93,10,Skeleton,1
2024-06-05,Taiga,16.45,9.13,15,Enderman,2
2024-12-04,Mountains,17.49,78.54,2,Skeleton,7
2024-08-08,Taiga,14.54,95.51,12,Skeleton,2
2024-04-19,Plains,14.43,46.54,13,Enderman,3
2024-09-21,Swamp,19.52,83.38,12,Creeper,1
2024-01-19,Plains,24.62,20.85,13,Creeper,0
2024-04-04,Taiga,8.4,8.56,0,Skeleton,10
2024-08-18,Plains,17.19,61.31,8,Enderman,1
2024-01-18,Plains,17.04,35.02,4,Skeleton,0
2024-05-10,Taiga,9.38,8.38,8,Skeleton,2
2024-01-02,Desert,22.29,0.0,6,Creeper,9
2024-12-03,Mountains,16.2,6.74,3,Creeper,2
2024-02-13,Forest,18.09,67.32,13,Skeleton,1
2024-08-16,Plains,12.28,19.99,4,Spider,4
2024-08-28,Mountains,21.55,95.11,11,Creeper,7
2024-06-29,Mountains,16.61,14.66,3,Skeleton,3
2024-07-23,Desert,26.43,18.45,2,Creeper,4
2024-11-04,Forest,15.51,62.3,0,Spider,5
2024-08-19,Jungle,18.86,30.47,14,Creeper,1
2024-09-20,Jungle,25.01,46.0,11,Zombie,0
2024-11-06,Forest,13.95,42.29,4,Enderman,7
2024-02-25,Mountains,19.57,38.0,9,Zombie,8
2024-02-01,Swamp,15.95,100.0,4,Zombie,3
2024-01-05,Plains,15.41,39.46,10,Zombie,4
2024-08-22,Forest,25.34,37.49,2,Zombie,3
2024-03-21,Plains,19.37,69.84,6,Creeper,10
2024-06-27,Forest,19.93,26.14,15,Spider,0
2024-06-28,Jungle,17.28,63.79,9,Skeleton,2
2024-08-26,Mountains,17.85,46.45,7,Zombie,4
2024-12-11,Swamp,17.86,24.96,15,Skeleton,2
2024-07-12,Plains,20.28,7.1,6,Zombie,1
2024-11-27,Plains,24.99,9.04,6,Creeper,1
2024-10-05,Mountains,20.83,56.18,12,Creeper,3
2024-04-16,Plains,30.86,64.48,14,Skeleton,2
2024-01-02,Desert,36.57,20.74,13,Creeper,1
2024-08-07,Forest,7.37,62.09,12,Skeleton,5
2024-04-21,Mountains,25.98,56.15,5,Zombie,5
2024-02-17,Swamp,11.15,54.0,10,Skeleton,2
2024-06-23,Jungle,23.85,73.22,5,Enderman,10
2024-04-17,Forest,23.0,12.63,15,Zombie,4
2024-11-22,Jungle,19.4,9.2,7,Creeper,1
2024-09-12,Plains,13.37,58.6,14,Spider,5
2024-08-20,Jungle,21.63,93.86,14,Skeleton,1
2024-09-22,Taiga,17.63,14.51,2,Zombie,0
2024-05-31,Forest,28.73,48.33,10,Skeleton,8
2024-02-29,Mountains,19.64,65.58,9,Zombie,2
2024-03-01,Desert,33.07,0.0,9,Creeper,6
2024-04-14,Plains,20.32,25.59,0,Spider,1
2024-09-12,Desert,25.51,0.0,1,Enderman,4
2024-01-22,Desert,25.85,35.95,10,Zombie,1
2024-02-20,Jungle,22.82,90.41,9,Zombie,2
2024-07-04,Jungle,14.12,81.26,10,Skeleton,1
2024-03-04,Forest,14.54,74.93,6,Spider,3
2024-03-15,Forest,32.25,22.45,7,Spider,1
2024-01-02,Plains,22.98,20.76,10,Creeper,11
2024-12-11,Taiga,14.97,61.73,3,Zombie,4
2024-03-17,Desert,25.29,0.0,6,Creeper,0
2024-01-18,Desert,41.22,54.9,12,Skeleton,1
2024-02-29,Swamp,16.05,41.29,15,Spider,2
2024-07-08,Forest,19.52,61.42,5,Zombie,2
2024-02-05,Plains,21.02,65.4,11,Creeper,9
2024-12-26,Plains,24.4,67.74,2,Zombie,4
2024-11-26,Swamp,21.3,50.94,4,Skeleton,1
2024-12-19,Desert,25.75,62.05,9,Skeleton,5
2024-06-20,Plains,13.85,30.79,7,Enderman,3
2024-12-03,Forest,24.87,34.02,5,Skeleton,0
2024-11-29,Desert,21.36,31.53,4,Skeleton,10
2024-11-21,Desert,37.53,8.51,0,Skeleton,12
2024-06-30,Plains,18.43,14.92,14,Skeleton,1
2024-11-11,Plains,25.09,65.21,8,Skeleton,3
2024-01-18,Forest,18.35,96.17,2,Creeper,4
2024-11-23,Jungle,21.67,51.55,5,Spider,7
2024-10-23,Forest,23.43,87.32,4,Creeper,1
2024-11-15,Plains,25.14,42.95,10,Creeper,1
2024-06-14,Forest,17.51,66.34,14,Skeleton,1
2024-09-16,Swamp,22.36,25.1,11,Enderman,5
2024-10-11,Mountains,16.92,35.38,3,Creeper,4
2024-06-06,Taiga,17.6,34.32,11,Spider,0
2024-03-11,Taiga,18.3,4.36,12,Skeleton,8
2024-06-30,Forest,18.17,74.49,2,Spider,0
2024-03-22,Swamp,23.42,100.0,10,Skeleton,2
2024-07-06,Mountains,25.05,10.88,8,Creeper,2
2024-12-28,Jungle,20.11,31.36,0,Creeper,1
2024-02-08,Mountains,14.75,21.6,4,Zombie,2
2024-11-28,Desert,29.69,49.86,11,Skeleton,6
2024-03-26,Forest,18.89,1.28,14,Creeper,5
2024-12-14,Forest,24.38,59.41,7,Zombie,5
2024-05-06,Jungle,26.51,27.31,14,Creeper,5
2024-09-18,Swamp,24.86,72.45,14,Spider,1
2024-04-01,Plains,16.57,46.88,10,Spider,1
2024-07-25,Desert,25.8,0.0,10,Spider,0
2024-08-19,Mountains,28.29,16.85,9,Skeleton,3
2024-04-06,Mountains,17.25,75.42,11,Creeper,5
2024-07-07,Plains,33.17,56.74,2,Zombie,3
2024-01-09,Jungle,23.53,30.73,6,Skeleton,4
2024-08-04,Forest,9.99,85.65,14,Creeper,5
2024-06-02,Swamp,23.87,81.94,8,Creeper,4
2024-04-12,Plains,14.8,18.81,11,Zombie,0
2024-02-18,Desert,20.03,0.0,3,Zombie,3
2024-11-23,Desert,32.44,0.0,14,Enderman,1
2024-12-27,Forest,21.51,56.07,9,Skeleton,6
2024-08-24,Mountains,22.65,73.96,15,Zombie,3
2024-02-04,Desert,23.5,29.5,11,Skeleton,3
2024-10-13,Forest,17.97,71.44,1,Skeleton,2
2024-07-11,Forest,22.54,42.91,7,Zombie,2
2024-11-05,Plains,14.54,51.48,5,Skeleton,1
2024-01-25,Jungle,19.42,2.42,4,Spider,8
2024-08-02,Forest,20.42,46.97,10,Zombie,1
2024-08-10,Swamp,22.45,100.0,10,Skeleton,1
2024-04-08,Jungle,25.13,78.76,10,Creeper,0
2024-12-07,Plains,24.12,10.21,3,Spider,1
2024-02-01,Plains,12.82,9.25,4,Zombie,0
2024-04-27,Jungle,23.21,81.26,3,Spider,3
2024-03-16,Forest,28.15,4.94,3,Enderman,7
2024-06-14,Desert,33.77,13.18,10,Enderman,0
2024-10-01,Plains,27.11,94.56,2,Creeper,4
2024-07-11,Plains,16.03,56.02,15,Creeper,4
2024-11-13,Desert,26.68,29.19,3,Zombie,3
2024-05-06,Desert,26.09,0.0,3,Spider,2
2024-04-19,Jungle,22.15,95.75,6,Zombie,6
2024-06-29,Mountains,13.93,52.23,11,Creeper,6
2024-05-04,Desert,28.43,0.0,7,Zombie,2
2024-09-21,Forest,18.46,17.61,10,Zombie,2
2024-09-16,Plains,24.24,53.43,8,Skeleton,7
2024-06-08,Swamp,12.44,63.6,10,Zombie,7
2024-08-12,Plains,22.08,54.94,14,Zombie,5
2024-11-11,Forest,22.49,83.68,8,Spider,0
2024-06-16,Jungle,19.6,15.96,15,Zombie,0
2024-07-24,Plains,20.56,71.49,3,Zombie,2
2024-10-09,Mountains,13.89,80.75,8,Skeleton,0
2024-12-01,Plains,26.64,29.91,5,Skeleton,5
2024-03-23,Plains,20.45,54.08,14,Skeleton,1
2024-09-21,Forest,23.94,43.23,2,Zombie,2
2024-04-10,Jungle,21.61,56.69,7,Skeleton,3
2024-02-13,Forest,8.29,49.57,11,Skeleton,5
2024-05-26,Desert,33.54,37.67,9,Spider,1
2024-05-29,Taiga,13.39,64.82,4,Zombie,2
2024-11-16,Plains,14.04,5.68,2,Creeper,4
2024-08-25,Jungle,21.01,28.92,7,Zombie,4
2024-01-30,Swamp,23.33,73.72,2,Spider,2
2024-03-16,Forest,27.04,5.75,9,Spider,2
2024-03-09,Forest,15.63,23.48,1,Creeper,3
2024-01-04,Plains,20.47,46.06,8,Spider,3
2024-10-02,Taiga,18.77,12.98,11,Zombie,0
2024-07-23,Forest,20.61,94.81,4,Skeleton,5
2024-01-13,Forest,21.08,74.3,13,Skeleton,6
2024-08-17,Mountains,15.18,95.76,13,Enderman,5
2024-05-18,Mountains,19.94,34.35,0,Zombie,5
2024-06-23,Forest,21.56,12.97,13,Enderman,2
2024-11-10,Forest,13.28,31.69,7,Zombie,0
2024-01-27,Taiga,20.26,32.6,9,Spider,3
2024-10-18,Taiga,16.52,17.38,15,Spider,2
2024-08-12,Swamp,16.68,23.86,9,Skeleton,3
2024-02-23,Forest,24.59,45.04,6,Skeleton,1
2024-01-23,Forest,21.3,7.15,15,Skeleton,4
2024-10-20,Jungle,22.36,62.28,10,Creeper,1
2024-09-21,Forest,21.26,18.95,2,Skeleton,1
2024-02-25,Taiga,18.75,4.43,1,Creeper,4
2024-10-17,Desert,23.67,5.01,4,Zombie,3
2024-03-24,Forest,13.13,44.4,4,Creeper,6
2024-06-08,Desert,34.01,13.17,13,Zombie,2
2024-03-31,Plains,18.63,29.69,5,Enderman,3
2024-07-31,Desert,30.93,0.0,7,Skeleton,0
2024-12-21,Desert,28.19,66.36,13,Spider,2
2024-06-19,Swamp,20.45,59.76,3,Zombie,6
2024-10-07,Forest,10.15,7.96,1,Enderman,2
2024-06-25,Plains,18.14,58.53,3,Spider,2
2024-01-19,Desert,29.56,7.37,13,Zombie,2
2024-03-15,Mountains,16.23,0.54,5,Enderman,5
2024-05-22,Forest,19.52,67.17,10,Skeleton,7
2024-03-01,Swamp,19.26,62.94,12,Creeper,9
2024-02-19,Plains,11.17,23.95,15,Creeper,5
2024-07-27,Forest,24.48,75.04,9,Zombie,1
2024-06-02,Forest,26.2,75.86,3,Zombie,0
2024-10-10,Forest,4.58,25.7,6,Zombie,6
2024-08-23,Jungle,23.92,21.47,7,Skeleton,2
2024-02-05,Swamp,15.44,100.0,4,Zombie,5
2024-10-07,Plains,24.32,20.72,9,Enderman,5
2024-03-18,Forest,18.97,87.74,1,Zombie,0
2024-10-05,Desert,28.8,0.0,10,Zombie,1
2024-06-11,Mountains,16.05,5.96,1,Enderman,4
2024-04-22,Forest,12.95,95.07,15,Creeper,2
2024-01-16,Jungle,26.49,14.59,4,Zombie,3
2024-10-03,Mountains,21.86,73.49,12,Skeleton,4
2024-04-15,Forest,27.63,84.69,1,Zombie,3
2024-11-14,Plains,18.93,66.74,6,Skeleton,7
2024-07-24,Desert,29.8,15.33,8,Zombie,1
2024-06-16,Jungle,20.61,11.88,9,Skeleton,0
2024-03-05,Desert,36.35,25.49,7,Skeleton,2
2024-11-25,Plains,13.89,10.62,10,Spider,4
2024-02-04,Plains,17.78,53.4,6,Spider,8
2024-02-14,Forest,19.16,58.53,15,Spider,0
2024-09-22,Jungle,17.04,53.83,11,Spider,0
2024-12-18,Forest,32.07,41.26,0,Zombie,4
2024-06-22,Jungle,25.38,54.24,12,Skeleton,2
2024-01-20,Jungle,21.26,34.31,5,Enderman,2
2024-03-24,Forest,18.28,53.14,11,Skeleton,1
2024-01-15,Desert,44.16,44.69,5,Creeper,4
2024-06-25,Forest,18.22,77.94,0,Spider,2
2024-09-23,Jungle,16.37,38.95,3,Zombie,1
2024-07-08,Taiga,16.25,22.75,15,Skeleton,5
2024-05-08,Swamp,12.11,87.3,12,Zombie,1
2024-01-20,Plains,21.15,61.77,12,Zombie,8
2024-10-05,Plains,20.12,95.68,7,Creeper,3
2024-09-13,Forest,21.8,19.26,1,Enderman,5
2024-04-04,Swamp,18.82,69.71,5,Spider,5
2024-12-13,Plains,25.38,57.8,0,Skeleton,2
2024-08-11,Forest,21.53,19.0,7,Zombie,1
2024-05-01,Forest,16.3,0.48,7,Zombie,8
2024-09-13,Forest,22.33,48.99,6,Enderman,5
2024-01-16,Swamp,14.57,100.0,13,Creeper,4
2024-06-21,Plains,13.32,30.91,6,Zombie,5
2024-05-21,Forest,19.26,97.07,13,Zombie,7
2024-10-01,Mountains,21.21,11.93,2,Spider,5
2024-11-05,Forest,23.9,62.78,11,Skeleton,2
2024-02-15,Taiga,5.4,27.38,9,Spider,7
2024-09-13,Jungle,22.42,60.19,15,Zombie,0
2024-03-10,Desert,25.13,24.7,5,Zombie,2
2024-10-16,Swamp,23.68,23.19,8,Zombie,0
2024-07-01,Forest,17.16,86.38,6,Spider,0
2024-08-26,Forest,19.98,27.9,2,Skeleton,0
2024-10-07,Desert,29.14,63.04,12,Skeleton,3
2024-06-22,Plains,28.66,51.26,8,Creeper,2
2024-09-30,Plains,15.24,58.21,8,Skeleton,8
2024-08-17,Swamp,32.2,100.0,2,Zombie,1
2024-04-06,Plains,19.37,27.53,3,Creeper,0
2024-10-12,Plains,31.81,98.71,13,Zombie,2
2024-11-28,Jungle,27.76,10.61,5,Enderman,2
2024-11-07,Taiga,7.56,58.83,12,Zombie,4
2024-01-12,Plains,20.93,15.28,11,Zombie,2
2024-12-10,Forest,26.66,95.96,15,Spider,2
2024-01-23,Mountains,21.92,39.19,8,Enderman,2
2024-12-18,Desert,20.5,38.99,5,Creeper,7
2024-08-27,Forest,21.31,6.92,15,Skeleton,3
2024-08-25,Plains,27.24,4.89,6,Spider,2
2024-10-01,Plains,18.9,4.39,2,Zombie,4
2024-05-08,Desert,19.71,0.0,13,Skeleton,4
2024-12-14,Forest,19.2,58.16,13,Enderman,2
2024-11-09,Swamp,15.69,78.64,10,Zombie,8
2024-08-02,Forest,16.12,74.45,0,Creeper,4
2024-05-01,Mountains,23.05,54.97,12,Creeper,0
2024-10-03,Forest,22.69,19.09,14,Creeper,1
2024-12-23,Taiga,15.7,51.8,13,Zombie,3
2024-05-21,Jungle,21.17,57.91,13,Skeleton,4
2024-11-09,Mountains,14.68,3.36,5,Zombie,2
2024-11-01,Taiga,13.83,40.11,1,Skeleton,1
2024-06-07,Forest,23.43,41.2,9,Creeper,7
2024-05-12,Forest,21.91,85.67,7,Skeleton,1
2024-08-28,Plains,22.03,40.98,5,Zombie,5
2024-07-28,Desert,33.89,15.01,10,Zombie,0
2024-12-24,Forest,22.46,51.85,4,Zombie,0
2024-06-15,Jungle,16.41,35.67,8,Zombie,4
2024-09-15,Plains,27.57,63.95,11,Creeper,0
2024-02-15,Taiga,6.1,93.62,3,Zombie,8
2024-05-30,Desert,26.34,38.93,2,Skeleton,4
2024-12-17,Forest,20.94,58.42,8,Spider,6
2024-02-20,Plains,18.13,39.73,6,Zombie,6
2024-04-02,Taiga,9.24,28.21,15,Zombie,2
2024-03-04,Forest,6.99,94.49,10,Creeper,1
2024-11-05,Swamp,25.28,67.6,7,Spider,5
2024-04-15,Plains,23.48,75.63,7,Creeper,3
2024-07-17,Forest,13.1,87.73,3,Zombie,8
2024-06-25,Forest,23.79,11.21,1,Creeper,0
2024-12-01,Mountains,24.68,95.34,0,Zombie,2
2024-03-21,Taiga,13.78,64.1,14,Zombie,1
2024-10-28,Desert,27.04,52.21,5,Zombie,2
2024-10-26,Jungle,10.63,21.78,14,Enderman,9
2024-04-03,Forest,21.62,36.84,9,Spider,4
2024-12-10,Jungle,19.74,33.93,1,Skeleton,10
2024-06-29,Forest,16.38,13.6,4,Enderman,6
2024-12-18,Plains,17.14,43.27,15,Creeper,2
2024-09-22,Forest,28.15,3.11,7,Zombie,0
2024-07-03,Taiga,19.03,44.27,3,Skeleton,0
2024-08-17,Plains,23.77,9.16,14,Creeper,8
2024-09-20,Swamp,16.03,61.63,4,Spider,2
2024-03-15,Desert,33.48,0.0,2,Creeper,1
2024-12-03,Forest,20.36,63.78,13,Zombie,0
2024-03-13,Taiga,3.77,6.82,1,Skeleton,1
2024-03-18,Desert,27.42,60.69,15,Zombie,2
2024-09-07,Forest,25.46,44.94,10,Zombie,4
2024-01-31,Swamp,13.33,84.74,13,Skeleton,3
2024-04-15,Mountains,17.63,38.74,14,Creeper,3
2024-03-02,Taiga,19.8,65.03,4,Skeleton,1
2024-12-21,Desert,31.19,21.42,15,Skeleton,4
2024-07-07,Forest,19.76,21.72,15,Skeleton,6
2024-09-21,Forest,22.62,40.19,13,Enderman,5
2024-02-27,Jungle,22.91,29.69,8,Zombie,3
2024-05-28,Plains,27.71,24.06,11,Zombie,0
2024-01-31,Forest,10.39,71.58,7,Skeleton,4
2024-01-27,Forest,31.38,99.99,4,Zombie,1
2024-08-23,Swamp,20.0,85.35,9,Spider,0
2024-04-19,Plains,25.01,34.68,5,Creeper,4
2024-04-19,Forest,20.4,45.12,15,Skeleton,1
2024-10-14,Jungle,15.27,21.98,3,Zombie,1
2024-12-22,Desert,27.15,41.13,7,Creeper,1
2024-11-08,Forest,17.31,39.63,8,Creeper,2
2024-06-11,Forest,24.72,46.3,14,Zombie,5
2024-01-04,Desert,27.67,12.53,12,Zombie,2
2024-11-13,Swamp,24.09,56.12,5,Spider,2
2024-01-13,Forest,19.86,56.29,7,Skeleton,2
2024-04-04,Jungle,22.52,6.65,15,Zombie,3
2024-04-07,Forest,14.9,54.74,2,Enderman,10
2024-04-03,Plains,21.2,87.47,11,Creeper,1
2024-07-14,Plains,10.0,33.49,13,Skeleton,1
2024-11-28,Jungle,11.87,56.55,9,Spider,3
2024-05-26,Desert,23.6,43.9,5,Enderman,1
2024-12-18,Forest,19.02,59.24,2,Zombie,6
2024-09-17,Mountains,22.03,74.74,1,Creeper,1
2024-05-22,Forest,16.88,34.85,15,Spider,3
2024-04-23,Swamp,28.75,28.38,3,Skeleton,0
2024-01-04,Taiga,18.22,86.12,0,Creeper,1
2024-04-26,Swamp,17.59,20.94,8,Creeper,0
2024-06-01,Plains,11.84,95.57,7,Spider,2
2024-02-07,Forest,24.1,92.69,14,Skeleton,1
2024-12-08,Mountains,23.7,95.94,6,Skeleton,2
2024-02-05,Mountains,13.67,62.6,0,Enderman,8
2024-06-07,Jungle,18.73,56.04,5,Creeper,0
2024-12-03,Taiga,16.91,35.13,10,Creeper,1
2024-07-23,Plains,13.95,48.83,4,Zombie,3
2024-09-20,Jungle,7.35,16.69,12,Creeper,11
2024-05-01,Desert,28.21,68.48,8,Skeleton,1
2024-01-12,Plains,16.85,24.79,12,Enderman,2
2024-02-04,Jungle,22.37,11.89,8,Creeper,1
2024-03-21,Plains,23.4,56.48,5,Enderman,3
2024-04-25,Plains,23.5,90.6,15,Creeper,0
2024-11-24,Forest,19.4,14.51,14,Zombie,1
2024-05-15,Plains,21.02,33.14,7,Creeper,3
2024-05-28,Forest,22.76,49.89,11,Skeleton,4
2024-09-29,Desert,33.01,44.41,2,Skeleton,4
2024-01-10,Forest,13.98,82.53,7,Zombie,3
2024-01-31,Desert,29.54,56.89,7,Skeleton,3
2024-03-02,Mountains,26.45,26.31,4,Skeleton,2
2024-07-03,Taiga,18.48,36.7,11,Skeleton,6
2024-02-06,Plains,24.93,34.25,3,Skeleton,1
2024-10-20,Forest,22.01,33.21,14,Enderman,4
2024-02-22,Taiga,1.44,26.82,5,Enderman,5
2024-04-08,Forest,22.02,63.54,14,Spider,2
2024-03-28,Forest,15.99,92.25,4,Zombie,0
2024-02-09,Swamp,22.9,100.0,13,Zombie,6
2024-07-21,Taiga,15.29,54.16,10,Creeper,4
2024-09-02,Mountains,24.15,83.45,1,Zombie,2
2024-09-25,Plains,17.32,23.34,5,Skeleton,2
2024-12-10,Mountains,18.62,39.95,5,Zombie,4
2024-10-26,Forest,16.29,54.72,14,Enderman,3
2024-02-06,Forest,20.43,70.26,6,Zombie,1
2024-11-08,Desert,38.98,0.0,9,Zombie,10
2024-03-04,Plains,23.36,19.59,11,Skeleton,1
2024-07-27,Desert,35.89,22.35,12,Skeleton,5
2024-01-02,Mountains,12.69,15.25,9,Zombie,2
2024-09-09,Mountains,19.55,27.99,3,Skeleton,2
2024-09-01,Desert,30.41,56.99,7,Spider,6
2024-02-26,Taiga,9.42,0.5,11,Zombie,4
2024-07-05,Forest,20.24,91.66,12,Skeleton,7
2024-11-11,Jungle,16.62,50.62,2,Zombie,1
2024-05-04,Forest,17.43,64.37,5,Skeleton,10
2024-12-08,Desert,34.85,45.05,9,Creeper,5
2024-04-07,Taiga,16.53,20.25,3,Skeleton,2
2024-01-25,Forest,27.78,67.25,12,Creeper,1
2024-08-06,Taiga,17.37,65.63,6,Spider,3
2024-04-28,Mountains,23.67,13.77,14,Spider,4
2024-02-01,Plains,21.67,99.12,14,Zombie,0
2024-05-26,Mountains,20.77,87.51,11,Skeleton,8
2024-06-14,Jungle,18.02,57.86,1,Spider,3
2024-12-18,Forest,7.86,8.12,3,Skeleton,1
2024-11-02,Desert,26.77,43.12,15,Zombie,3
2024-08-12,Taiga,18.79,75.95,10,Zombie,1
2024-02-16,Plains,15.52,20.6,3,Skeleton,3
2024-09-05,Forest,22.27,70.33,9,Zombie,0
2024-06-26,Desert,30.98,1.41,2,Zombie,4
2024-04-05,Plains,19.84,35.66,4,Enderman,1
2024-08-26,Plains,18.75,35.98,0,Spider,5
2024-12-17,Plains,27.2,44.9,3,Creeper,5
2024-09-09,Taiga,14.72,9.26,14,Skeleton,2
2024-08-29,Plains,22.53,14.14,6,Enderman,6
2024-09-11,Desert,38.25,22.53,6,Zombie,3
2024-08-29,Jungle,20.31,14.8,9,Zombie,8
2024-06-17,Plains,31.38,81.5,9,Enderman,2
2024-10-07,Jungle,19.93,83.24,11,Skeleton,0
2024-04-26,Forest,21.5,94.37,6,Skeleton,2
2024-11-06,Desert,34.45,60.78,7,Spider,2
2024-07-14,Swamp,25.09,100.0,5,Zombie,1
2024-04-23,Plains,21.34,51.01,12,Skeleton,2
2024-12-10,Plains,19.09,77.75,7,Creeper,4
2024-04-18,Mountains,8.4,66.68,14,Skeleton,3
2024-04-17,Desert,35.86,0.0,2,Spider,1
2024-09-06,Jungle,21.08,54.88,4,Skeleton,0
2024-05-03,Plains,14.38,59.9,3,Zombie,1
2024-11-08,Mountains,19.81,71.86,2,Zombie,4
2024-07-03,Forest,25.53,47.8,13,Enderman,1
2024-01-27,Plains,25.75,32.57,4,Zombie,2
2024-07-27,Plains,23.27,42.43,2,Spider,1
2024-09-23,Desert,33.05,34.0,8,Skeleton,1
2024-05-11,Plains,10.88,36.19,4,Skeleton,0
2024-05-18,Mountains,15.08,89.24,8,Zombie,1
2024-12-26,Desert,30.95,62.85,8,Spider,2
2024-07-16,Plains,21.83,10.91,2,Skeleton,4
2024-05-06,Plains,21.72,98.63,15,Zombie,2
2024-06-04,Forest,23.28,9.5,3,Skeleton,3
2024-08-10,Desert,33.28,0.0,4,Enderman,0
2024-02-16,Plains,24.15,24.05,7,Enderman,2
2024-10-22,Forest,12.17,48.94,0,Spider,1
2024-03-09,Plains,24.34,20.56,9,Zombie,12
2024-05-31,Forest,10.15,87.9,10,Skeleton,5
2024-09-12,Forest,26.89,41.68,15,Enderman,3
2024-04-28,Mountains,13.17,30.78,8,Enderman,1
2024-10-28,Taiga,12.94,5.22,4,Skeleton,5
2024-11-30,Desert,34.95,0.0,10,Zombie,3
2024-10-03,Mountains,17.72,88.77,0,Zombie,0
2024-10-05,Mountains,10.17,76.17,0,Zombie,4
2024-06-03,Swamp,17.89,73.44,0,Zombie,0
2024-10-01,Forest,20.59,90.61,14,Zombie,2
2024-07-06,Plains,29.1,32.53,13,Enderman,1
2024-08-13,Forest,19.95,79.3,2,Enderman,3
2024-09-24,Plains,17.81,58.47,5,Skeleton,5
2024-04-24,Swamp,16.56,35.69,5,Creeper,1
2024-10-05,Forest,13.67,26.56,2,Zombie,2
2024-10-14,Mountains,13.56,69.69,2,Spider,2
2024-02-27,Plains,16.94,26.32,8,Zombie,4
2024-02-03,Forest,17.1,43.55,3,Creeper,2
2024-10-09,Taiga,15.16,99.6,12,Skeleton,1
2024-10-05,Swamp,22.89,51.36,2,Spider,10
2024-05-10,Forest,14.35,86.4,8,Enderman,1
2024-11-01,Forest,14.91,16.57,0,Creeper,2
2024-09-07,Forest,18.34,2.72,13,Spider,7
2024-10-29,Plains,14.09,97.23,8,Zombie,0
2024-06-24,Mountains,17.9,48.17,8,Zombie,2
2024-07-16,Swamp,27.05,20.4,1,Skeleton,4
2024-12-16,Taiga,17.16,0.2,4,Enderman,4
2024-07-04,Mountains,20.63,70.79,7,Zombie,1
2024-04-04,Taiga,6.28,57.84,4,Skeleton,2
2024-08-15,Forest,18.02,1.4,15,Skeleton,3
2024-09-01,Plains,26.87,58.69,3,Skeleton,1
2024-12-13,Plains,13.9,25.44,4,Zombie,2
2024-02-15,Desert,29.98,30.83,15,Spider,0
2024-11-30,Jungle,20.09,46.85,8,Spider,3
2024-08-10,Taiga,8.59,39.81,5,Creeper,1
2024-10-21,Swamp,7.7,93.37,13,Spider,0
2024-11-13,Forest,11.46,39.32,8,Spider,10
2024-01-31,Taiga,21.72,76.15,8,Creeper,0
2024-11-16,Forest,26.25,64.83,13,Skeleton,5
2024-06-03,Jungle,16.45,0.88,7,Zombie,4
2024-07-16,Jungle,19.6,88.64,6,Zombie,2
2024-10-05,Forest,12.98,89.81,7,Zombie,4
2024-04-30,Swamp,22.43,67.94,7,Skeleton,3
2024-09-29,Forest,17.15,81.23,0,Creeper,5
2024-01-05,Plains,22.26,16.06,0,Spider,3
2024-07-14,Plains,14.69,26.53,3,Skeleton,8
2024-06-08,Desert,22.92,0.0,12,Enderman,5
2024-05-17,Forest,20.67,96.66,11,Skeleton,2
2024-12-15,Plains,24.1,27.93,3,Creeper,3
2024-06-22,Swamp,26.21,63.75,4,Skeleton,2
2024-02-02,Jungle,17.16,70.63,8,Skeleton,3
2024-06-15,Forest,10.74,23.04,0,Skeleton,0
2024-05-20,Swamp,22.87,82.09,1,Zombie,0
2024-09-20,Mountains,16.37,40.97,12,Spider,2
2024-07-20,Forest,17.29,91.11,10,Skeleton,3
2024-09-04,Mountains,21.93,23.66,11,Skeleton,3
2024-08-24,Plains,14.11,43.14,12,Zombie,2
2024-02-17,Mountains,30.74,18.51,5,Zombie,0
2024-07-03,Forest,27.37,46.28,15,Spider,3
2024-05-12,Forest,16.63,30.34,15,Enderman,2
2024-09-21,Forest,16.97,80.78,15,Spider,1
2024-12-18,Plains,15.95,58.66,6,Zombie,2
2024-09-20,Swamp,16.02,52.06,10,Skeleton,2
2024-02-26,Plains,21.62,74.41,5,Skeleton,1
2024-02-14,Desert,34.35,0.0,2,Spider,5
2024-10-31,Forest,11.83,18.19,0,Zombie,0
2024-01-16,Taiga,11.97,76.53,8,Creeper,5
2024-07-15,Forest,15.94,49.03,10,Creeper,1
2024-03-06,Desert,35.87,0.0,6,Spider,4
2024-02-13,Plains,14.33,37.33,0,Spider,2
2024-11-23,Mountains,18.64,44.03,0,Creeper,2
2024-04-17,Forest,18.89,59.27,9,Skeleton,1
2024-09-27,Desert,29.48,0.0,4,Zombie,12
2024-11-07,Jungle,32.53,45.99,14,Creeper,2
2024-07-27,Taiga,18.22,81.39,5,Zombie,1
2024-05-21,Taiga,7.4,86.01,11,Spider,3
2024-04-12,Desert,26.54,23.42,15,Zombie,1
2024-04-26,Swamp,24.53,65.35,13,Enderman,2
2024-01-30,Mountains,11.06,85.71,15,Creeper,2
2024-07-06,Desert,36.72,51.01,4,Skeleton,1
2024-06-27,Plains,15.72,65.83,0,Skeleton,0
2024-12-05,Mountains,24.42,22.6,3,Zombie,2
2024-03-17,Taiga,14.47,56.45,9,Zombie,1
2024-05-03,Swamp,18.0,91.68,13,Zombie,6
2024-01-01,Swamp,12.93,99.38,7,Skeleton,1
2024-07-22,Plains,19.18,69.91,7,Skeleton,6
2024-10-11,Forest,28.13,64.85,12,Creeper,6
2024-05-27,Forest,26.22,56.65,0,Zombie,8
2024-02-26,Taiga,12.29,47.8,1,Zombie,1
2024-08-13,Jungle,11.72,71.13,13,Skeleton,0
2024-03-16,Swamp,25.28,100.0,6,Enderman,3
2024-06-18,Swamp,24.84,100.0,13,Skeleton,1
2024-12-19,Desert,25.31,60.0,14,Zombie,0
2024-06-28,Mountains,21.91,98.03,12,Creeper,3
2024-11-17,Forest,11.73,88.66,7,Enderman,6
2024-11-11,Jungle,23.74,15.77,12,Zombie,0
2024-12-26,Forest,26.64,72.63,0,Zombie,4
2024-09-24,Plains,20.49,72.28,1,Skeleton,4
2024-11-15,Forest,22.41,95.91,15,Creeper,0
2024-09-07,Taiga,15.5,6.62,12,Enderman,10
2024-08-16,Desert,28.19,38.05,9,Spider,1
2024-09-08,Forest,25.32,39.88,9,Enderman,2
2024-12-10,Jungle,29.99,16.08,5,Enderman,2
2024-06-04,Forest,12.74,62.01,3,Enderman,2
2024-05-03,Desert,36.83,44.16,7,Spider,5
2024-05-09,Plains,19.88,16.46,4,Zombie,1
2024-04-18,Plains,32.65,30.28,15,Spider,6
2024-09-28,Forest,19.01,2.51,9,Creeper,0
2024-05-03,Plains,12.01,11.61,3,Spider,4
2024-06-15,Taiga,18.33,99.24,11,Skeleton,1
2024-06-02,Forest,13.39,50.23,11,Skeleton,4
2024-05-31,Forest,18.65,29.38,1,Creeper,10
2024-05-06,Forest,18.09,85.72,9,Spider,2
2024-02-20,Plains,10.43,61.58,14,Skeleton,3
2024-09-23,Plains,23.4,64.09,15,Skeleton,4
2024-09-27,Plains,12.65,91.8,10,Zombie,2
2024-04-22,Forest,21.26,56.22,9,Creeper,1
2024-04-02,Taiga,10.84,37.44,2,Skeleton,4
2024-07-14,Desert,31.09,26.54,0,Enderman,4
2024-05-24,Forest,25.48,21.23,9,Spider,4
2024-10-06,Swamp,16.42,64.95,5,Skeleton,5
2024-02-20,Forest,33.84,52.69,14,Zombie,0
2024-01-11,Forest,22.11,75.77,9,Creeper,6
2024-02-12,Desert,28.29,65.71,0,Spider,2
2024-07-23,Jungle,23.77,14.28,8,Skeleton,0
2024-10-16,Swamp,16.26,32.21,10,Skeleton,2
2024-06-27,Swamp,22.43,72.57,5,Creeper,3
2024-05-02,Forest,23.2,52.08,13,Zombie,3
2024-10-21,Taiga,16.92,42.77,8,Spider,0
2024-10-18,Swamp,19.95,71.01,14,Zombie,3
2024-11-23,Desert,37.09,64.36,15,Zombie,2
2024-06-20,Mountains,29.3,29.28,4,Zombie,2
2024-07-01,Desert,24.94,15.04,5,Skeleton,3
2024-10-14,Forest,21.51,19.94,8,Creeper,4
2024-06-22,Forest,21.76,73.61,4,Zombie,0
2024-06-19,Forest,20.78,59.8,5,Zombie,1
2024-01-13,Mountains,20.02,21.67,5,Zombie,5
2024-07-27,Taiga,14.2,4.53,13,Skeleton,2
2024-10-11,Desert,22.2,67.69,15,Spider,0
2024-03-08,Forest,14.35,30.5,8,Skeleton,0
2024-05-20,Desert,37.19,64.99,4,Enderman,2
2024-06-18,Taiga,12.93,59.78,3,Enderman,2
2024-09-27,Desert,38.09,11.6,10,Skeleton,3
2024-03-23,Swamp,21.01,62.45,2,Zombie,4
2024-08-05,Swamp,13.47,72.42,8,Creeper,2
2024-05-22,Forest,21.19,37.98,14,Zombie,1
2024-07-01,Desert,33.58,43.63,8,Zombie,2
2024-03-03,Taiga,20.11,11.23,0,Spider,5
2024-07-17,Jungle,26.99,8.07,12,Skeleton,3
2024-02-02,Plains,19.81,14.67,7,Spider,6
2024-08-27,Jungle,19.83,67.9,2,Skeleton,2
2024-02-12,Jungle,20.06,43.48,5,Zombie,0
2024-01-07,Forest,22.2,81.33,14,Spider,3
2024-08-09,Plains,22.9,93.7,13,Enderman,0
2024-03-11,Plains,13.2,62.34,5,Skeleton,1
2024-06-07,Jungle,16.58,57.69,6,Creeper,4
2024-12-02,Forest,10.38,13.2,1,Enderman,10
2024-02-01,Forest,20.63,43.3,12,Spider,1
2024-10-06,Taiga,18.41,31.41,10,Creeper,0
2024-10-11,Taiga,14.7,9.34,6,Spider,0
2024-05-26,Plains,20.51,43.68,5,Creeper,0
2024-05-30,Plains,18.99,36.14,7,Skeleton,6
2024-06-09,Forest,20.54,2.6,14,Creeper,2
2024-05-04,Plains,24.03,14.06,13,Creeper,3
2024-11-11,Mountains,24.84,58.36,7,Zombie,1
2024-02-02,Forest,16.12,53.19,3,Zombie,0
2024-02-07,Desert,21.71,14.17,7,Creeper,1
2024-06-22,Forest,24.04,41.18,3,Skeleton,2
2024-12-23,Forest,19.27,26.29,1,Enderman,6
2024-12-06,Plains,14.05,57.48,15,Enderman,1
2024-08-25,Plains,20.2,36.29,5,Enderman,4
2024-05-02,Desert,30.52,0.0,9,Skeleton,4
2024-02-10,Forest,25.81,32.61,13,Skeleton,3
2024-07-30,Forest,8.03,2.45,6,Spider,6
2024-06-11,Swamp,13.36,100.0,0,Skeleton,4
2024-05-09,Plains,31.42,2.2,0,Zombie,2
2024-07-10,Forest,12.97,34.84,12,Creeper,3
2024-05-23,Mountains,23.12,94.09,10,Zombie,1
2024-01-06,Desert,25.68,15.69,8,Enderman,8
2024-12-01,Forest,21.78,12.83,8,Zombie,0
2024-02-12,Plains,14.2,92.22,8,Zombie,3
2024-11-07,Forest,22.49,69.17,10,Spider,5
2024-02-29,Forest,17.86,85.08,6,Enderman,2
2024-04-15,Taiga,21.3,65.39,12,Zombie,8
2024-09-09,Mountains,13.59,94.34,2,Spider,1
2024-02-28,Taiga,14.01,40.32,3,Zombie,2
2024-05-31,Taiga,16.94,24.59,0,Skeleton,0
2024-09-03,Jungle,25.74,15.88,4,Skeleton,1
2024-05-27,Mountains,19.01,26.96,1,Zombie,9
2024-10-16,Taiga,15.08,7.17,12,Skeleton,0
2024-09-19,Jungle,13.81,5.04,5,Creeper,0
2024-06-04,Mountains,17.59,72.46,1,Skeleton,2
2024-10-26,Mountains,16.2,85.3,7,Zombie,3
2024-03-01,Plains,20.78,0.27,2,Skeleton,7
2024-06-23,Desert,30.53,32.29,13,Skeleton,2
2024-03-21,Desert,34.39,59.69,4,Zombie,4
2024-05-27,Forest,25.9,25.73,8,Spider,6
