Date,Location,ZombieType,VictimCount,SurvivalRate,WeatherCondition,MoonPhase,TemperatureCelsius,HumidityPercent,WindSpeedKmh,PopulationDensity,EmergencyResponseTime,Month
2023-02-24,Des Moines,Runner,25.5,0.2215,Foggy,Full Moon,12.8,58.9,8.1,65.1,8.7,2.0
2023-09-29,Rochester,Walker,13.0,0.3739,Stormy,Waxing Crescent,21.2,46.4,35.6,594.5,4.0,9.0
2023-06-01,Rochester,Walker,12.0,0.1924,Cloudy,New Moon,20.6,31.9,9.9,236.4,13.2,6.0
2023-02-14,St. Louis,Crawler,7.0,0.7949,Stormy,New Moon,10.6,57.9,5.3,156.8,4.7,2.0
2023-08-31,Winnipeg,Runner,39.0,0.0678,Sunny,Full Moon,16.7,45.1,3.8,19.6,6.9,8.0
2023-10-23,Chicago,Walker,12.0,,Foggy,Waning Crescent,29.6,86.0,33.0,528.7,,10.0
2023-05-27,Kansas City,Walker,3.0,0.4903,Sunny,First Quarter,25.9,43.9,0.0,153.0,3.9,5.0
2023-08-06,Minneapolis,Walker,6.0,0.5607,Stormy,Waxing Gibbous,14.9,48.5,37.8,277.3,3.3,8.0
2023-04-24,Chicago,Walker,10.0,0.2448,Foggy,Waxing Gibbous,17.4,43.0,2.5,198.7,6.1,4.0
2023-03-06,Kansas City,Crawler,9.0,0.2019,Rainy,Waning Crescent,24.0,32.5,7.2,135.0,6.8,3.0
2023-09-15,St. Louis,Walker,6.0,0.1872,Foggy,Waning Gibbous,17.9,79.8,25.6,129.6,3.5,9.0
2023-02-21,Rochester,Walker,10.0,0.4102,Rainy,New Moon,11.9,75.5,1.5,908.3,4.8,2.0
2023-01-03,Chicago,Walker,25.0,0.4399,Cloudy,Last Quarter,9.5,82.1,0.6,913.3,23.5,1.0
2023-01-16,Minneapolis,Walker,6.0,0.2587,Foggy,Waning Crescent,5.7,58.9,8.8,154.1,16.5,1.0
2023-09-10,Milwaukee,Walker,4.0,0.4999,Rainy,Last Quarter,4.5,38.6,0.2,383.9,8.0,9.0
2023-12-03,Des Moines,Walker,13.0,0.3947,Rainy,New Moon,27.2,38.0,13.8,92.9,9.0,12.0
2023-05-28,Minneapolis,Runner,9.0,0.7515,Rainy,Last Quarter,16.3,57.6,10.6,363.5,6.7,5.0
2023-11-03,Minneapolis,Jumper,7.0,0.5349,Cloudy,Waning Gibbous,33.4,75.9,12.1,255.3,11.3,11.0
2023-12-09,Des Moines,Runner,13.5,0.1715,Rainy,Waxing Gibbous,30.9,53.0,6.6,1507.8,14.9,12.0
2023-07-01,Winnipeg,Crawler,13.0,0.2527,Sunny,,17.7,61.0,5.0,84.2,8.8,7.0
2023-05-28,St. Louis,Walker,6.0,0.3717,Stormy,Waning Crescent,17.3,67.9,20.8,332.6,9.3,5.0
2023-01-23,St. Louis,Walker,6.0,0.2526,Foggy,Waning Gibbous,14.4,60.5,1.8,93.4,12.3,1.0
2023-08-07,Fargo,Jumper,11.0,0.5865,Cloudy,First Quarter,13.4,73.8,2.6,293.0,17.0,8.0
2023-10-26,Chicago,Walker,5.0,0.4845,Rainy,Waning Gibbous,25.9,53.1,3.6,54.7,25.8,10.0
2023-06-13,Chicago,Runner,19.5,0.3521,Rainy,Waning Crescent,24.5,79.6,1.5,85.7,29.1,6.0
2023-12-04,Minneapolis,Crawler,11.0,0.1173,Rainy,Full Moon,17.2,52.7,11.7,167.9,6.0,12.0
2023-03-08,,Walker,23.0,0.1646,Foggy,Last Quarter,15.0,88.5,2.3,151.2,20.7,3.0
2023-11-06,Rochester,Runner,19.5,0.2593,Cloudy,Waxing Crescent,12.0,74.5,2.2,98.9,13.6,11.0
2023-08-29,Madison,Walker,9.0,0.0511,Rainy,First Quarter,8.6,83.7,8.9,195.2,13.6,8.0
2023-03-10,Rochester,Crawler,9.0,0.027,Stormy,First Quarter,7.8,60.2,7.3,108.2,15.9,3.0
2023-01-08,Chicago,Runner,28.5,0.0602,Sunny,Full Moon,13.3,50.1,13.6,132.4,9.9,1.0
2023-10-04,Winnipeg,Walker,12.0,0.3542,Cloudy,Waxing Gibbous,22.7,73.9,6.4,44.5,8.7,10.0
2023-11-04,Winnipeg,Walker,11.0,0.7945,Rainy,Full Moon,21.4,31.4,5.5,1176.3,3.2,11.0
2023-01-29,Minneapolis,Walker,5.0,0.568,Stormy,Last Quarter,4.2,63.7,1.1,,3.6,1.0
2023-04-05,Milwaukee,Walker,14.0,0.3521,Foggy,Waxing Crescent,13.6,63.8,32.0,89.2,7.7,4.0
2023-06-29,Winnipeg,Runner,12.0,0.1286,Stormy,First Quarter,3.2,55.5,15.5,145.8,8.9,6.0
2023-03-19,Milwaukee,Runner,24.0,0.2649,Rainy,Last Quarter,18.3,66.7,2.7,356.3,11.3,3.0
2023-11-29,Winnipeg,Jumper,14.0,0.3291,Cloudy,Full Moon,11.0,85.4,14.9,15.0,7.1,11.0
2023-07-14,Madison,Walker,11.0,0.368,Stormy,Waning Gibbous,24.5,58.5,15.9,272.0,1.0,7.0
2023-01-25,Kansas City,Walker,5.0,0.7106,Cloudy,New Moon,18.1,70.2,23.4,23.0,6.8,1.0
2023-05-28,Fargo,Walker,7.0,0.3359,Foggy,Last Quarter,15.3,60.5,1.2,197.8,12.0,5.0
2023-08-05,Chicago,Walker,10.0,0.4766,Sunny,Full Moon,32.7,38.1,3.0,164.0,3.0,8.0
2023-04-01,Winnipeg,Walker,8.0,0.1852,Sunny,Waning Crescent,21.7,34.1,3.9,252.5,17.8,4.0
2023-09-29,Chicago,Runner,7.5,0.5223,Rainy,First Quarter,28.6,50.7,4.7,85.8,11.0,9.0
2023-04-25,Madison,Walker,10.0,0.196,Rainy,Waning Gibbous,26.5,82.0,0.2,58.0,4.7,4.0
2023-02-20,Minneapolis,Crawler,6.0,0.313,Rainy,Waxing Crescent,4.4,70.5,3.3,126.9,8.1,2.0
2023-01-13,Milwaukee,Walker,8.0,0.1245,Rainy,,13.7,68.6,6.7,61.0,27.0,1.0
2023-07-06,St. Louis,Runner,12.0,0.2911,Sunny,Full Moon,35.4,49.7,29.6,73.6,6.4,7.0
2023-04-30,St. Louis,Walker,6.0,0.287,Stormy,Waxing Crescent,17.1,72.9,6.6,27.8,10.7,4.0
2023-11-16,,Walker,10.0,0.145,Cloudy,Waxing Gibbous,19.5,75.7,6.7,225.0,8.7,11.0
2023-01-10,St. Louis,Crawler,13.0,0.0234,Cloudy,Waxing Gibbous,0.5,56.0,16.9,988.4,34.2,1.0
2023-03-26,Minneapolis,Runner,24.0,0.4146,Cloudy,Last Quarter,-1.6,52.8,24.6,254.7,7.2,3.0
2023-04-12,Kansas City,Runner,28.5,0.4638,Foggy,First Quarter,22.3,44.0,15.6,222.9,6.7,4.0
2023-08-29,Des Moines,Runner,18.0,0.3913,Rainy,New Moon,35.8,38.3,4.9,177.1,10.1,8.0
2023-02-18,Fargo,Walker,5.0,0.2365,Foggy,Waxing Crescent,-0.9,47.2,4.9,82.5,5.6,2.0
2023-10-08,St. Louis,Runner,18.0,0.3251,Stormy,Waxing Gibbous,39.0,49.4,0.8,4.8,2.3,10.0
2023-05-12,Chicago,Runner,10.5,0.1258,Sunny,Waxing Crescent,22.8,56.9,5.1,110.7,10.2,5.0
2023-05-11,St. Louis,Runner,4.5,0.1813,Stormy,First Quarter,22.7,42.2,12.5,160.2,15.6,5.0
2023-06-07,Winnipeg,Runner,28.5,0.1274,Sunny,Waxing Gibbous,13.0,57.2,16.2,15.4,11.7,6.0
2023-11-04,Milwaukee,Jumper,12.0,0.3081,Sunny,Waxing Gibbous,30.0,85.9,29.1,488.8,7.6,11.0
2023-08-01,St. Louis,Runner,9.0,0.1106,Rainy,First Quarter,29.0,34.0,8.5,139.7,7.3,8.0
2023-01-23,Minneapolis,Crawler,6.0,0.5026,Stormy,Waning Gibbous,7.7,67.6,2.4,304.9,16.0,1.0
2023-09-18,Fargo,Walker,6.0,0.1016,Foggy,Last Quarter,7.7,32.2,0.4,203.2,4.6,9.0
2023-03-28,Fargo,Walker,9.0,0.2953,Sunny,Last Quarter,10.8,37.0,1.9,407.5,12.7,3.0
2023-12-19,Madison,Runner,12.0,0.3195,Sunny,,37.3,80.5,15.0,101.1,12.7,12.0
2023-01-07,Chicago,Walker,5.0,0.431,Stormy,Waning Crescent,1.1,71.4,30.8,161.0,1.7,1.0
2023-11-10,Des Moines,Runner,16.5,0.53,Stormy,Waning Gibbous,30.7,59.9,6.9,502.3,12.3,11.0
2023-03-16,Winnipeg,Walker,7.0,0.7245,Cloudy,Waning Crescent,23.4,75.3,11.4,531.5,7.3,3.0
2023-07-07,Milwaukee,Crawler,3.0,0.2895,Rainy,Full Moon,20.9,89.3,1.7,23.4,7.5,7.0
2023-07-29,Minneapolis,Walker,11.0,0.1748,Stormy,Waning Crescent,20.0,57.4,9.0,267.0,2.8,7.0
2023-11-26,Minneapolis,Walker,3.0,0.0898,Cloudy,New Moon,12.9,32.8,7.3,162.3,9.4,11.0
2023-10-25,Fargo,Crawler,8.0,0.1158,Sunny,Waning Gibbous,25.2,52.0,6.3,263.1,15.4,10.0
2023-09-21,Madison,Crawler,4.0,0.1686,Rainy,First Quarter,18.1,47.9,1.1,35.8,15.8,9.0
2023-06-26,Winnipeg,Walker,14.0,0.1845,Cloudy,Waxing Gibbous,10.2,63.3,1.0,485.2,7.0,6.0
2023-02-26,Winnipeg,Walker,6.0,0.2794,Rainy,Waning Crescent,1.2,88.4,14.1,1143.2,2.3,2.0
2023-09-04,Winnipeg,Walker,5.0,0.2665,Cloudy,Waxing Crescent,20.6,70.1,4.1,251.3,12.6,9.0
2023-10-11,St. Louis,Jumper,8.0,0.3263,Cloudy,Waning Crescent,30.6,59.8,0.9,84.3,5.2,10.0
2023-04-16,Chicago,Walker,4.0,0.262,Stormy,First Quarter,13.6,48.8,7.8,71.6,3.1,4.0
2023-01-15,Madison,Runner,21.0,0.1615,Stormy,Waxing Gibbous,-0.3,81.2,9.3,285.0,1.0,1.0
2023-02-08,Rochester,Walker,9.0,0.2639,Cloudy,Waning Crescent,17.3,61.1,2.6,82.7,5.3,2.0
2023-09-12,Madison,Jumper,8.0,0.4428,Foggy,Last Quarter,14.9,80.9,20.2,590.7,35.5,9.0
2023-03-15,Rochester,Crawler,7.0,0.3508,Sunny,Waning Gibbous,9.3,59.9,2.2,182.6,10.5,3.0
2023-10-04,Milwaukee,Walker,13.0,0.2273,Foggy,Last Quarter,24.5,30.5,3.8,421.2,24.6,10.0
2023-07-07,Madison,Runner,12.0,0.1891,Rainy,Last Quarter,14.8,75.1,19.4,225.8,42.4,7.0
2023-02-09,Fargo,Walker,6.0,0.4141,Cloudy,Waxing Gibbous,8.9,37.8,9.8,128.9,24.0,2.0
2023-02-18,Minneapolis,Runner,36.0,0.5973,Cloudy,Last Quarter,3.6,61.3,,167.6,4.9,2.0
2023-04-15,Chicago,Runner,9.0,0.2468,Stormy,Waxing Gibbous,13.0,87.1,0.9,35.1,6.4,4.0
2023-06-12,Milwaukee,Walker,6.0,0.2162,Rainy,Last Quarter,8.3,44.4,35.5,257.8,1.4,6.0
2023-08-23,Milwaukee,Runner,10.5,0.362,Stormy,Waning Gibbous,21.4,40.6,2.1,37.3,8.2,8.0
2023-06-22,Rochester,Runner,19.5,0.1351,Foggy,Full Moon,11.8,73.4,6.5,1154.0,13.5,6.0
2023-06-19,Minneapolis,Walker,4.0,0.2335,Rainy,First Quarter,11.7,87.4,14.6,106.2,5.7,6.0
2023-12-09,Des Moines,Walker,10.0,0.7308,Sunny,First Quarter,42.3,47.7,17.0,98.2,4.1,12.0
2023-12-26,Rochester,Walker,14.0,0.1575,Sunny,Waning Gibbous,20.9,57.6,0.2,300.1,6.8,12.0
2023-11-22,Des Moines,Crawler,8.0,0.3625,Stormy,Last Quarter,39.2,46.7,0.1,230.6,16.3,11.0
2023-06-28,Milwaukee,Walker,7.0,0.5135,Stormy,Full Moon,15.2,61.1,3.4,40.0,8.6,
2023-08-12,Kansas City,Walker,15.0,0.1077,Sunny,Waning Gibbous,28.2,51.2,12.1,42.3,10.4,8.0
2023-09-25,Milwaukee,Runner,21.0,0.2724,Rainy,Waning Crescent,21.7,70.9,0.6,336.2,3.1,9.0
2023-10-13,Chicago,Runner,1.5,0.1966,Rainy,Waning Gibbous,11.8,37.0,3.3,52.2,9.8,10.0
2023-09-25,Rochester,Walker,13.0,0.4404,Cloudy,,20.2,73.7,1.9,49.8,13.5,9.0
2023-05-08,Madison,Walker,8.0,0.5617,Foggy,New Moon,25.3,64.5,24.8,42.0,15.3,5.0
2023-12-06,Winnipeg,Walker,14.0,0.1568,Cloudy,Waxing Crescent,27.3,67.9,12.7,80.7,5.3,12.0
2023-01-05,Fargo,Runner,,0.2073,Rainy,Waning Gibbous,-10.3,59.0,3.2,764.9,4.1,
2023-10-25,Winnipeg,Jumper,11.0,0.4269,Sunny,First Quarter,32.4,54.8,10.0,51.6,3.9,10.0
2023-10-23,Minneapolis,Walker,9.0,0.1411,Stormy,First Quarter,14.7,78.1,37.5,,10.5,10.0
2023-04-27,Madison,Crawler,3.0,0.4921,Rainy,Full Moon,7.9,32.5,2.9,127.0,7.5,4.0
2023-09-24,Winnipeg,Runner,18.0,0.6107,Rainy,First Quarter,11.1,53.5,18.3,113.2,3.8,9.0
2023-11-17,Fargo,Runner,15.0,0.2494,Foggy,Waning Gibbous,15.3,39.5,15.6,60.7,8.9,11.0
2023-07-09,Winnipeg,Walker,4.0,0.5367,Cloudy,Waxing Gibbous,17.6,42.3,0.3,142.9,16.4,7.0
2023-12-22,Fargo,Runner,25.5,0.1807,Sunny,Full Moon,35.4,65.3,0.7,69.6,3.1,12.0
2023-08-29,Kansas City,Runner,21.0,0.6383,Stormy,Waning Gibbous,30.7,66.9,16.2,471.6,4.5,8.0
2023-06-18,Chicago,Runner,21.0,0.3309,Foggy,Waning Crescent,20.9,64.1,2.9,113.5,19.8,6.0
2023-01-23,Winnipeg,Walker,7.0,0.5429,Stormy,Waxing Crescent,-2.7,46.7,8.3,47.6,1.0,1.0
2023-05-05,Milwaukee,Jumper,13.0,0.1068,Foggy,Waning Crescent,27.3,90.0,1.3,179.9,6.3,5.0
2023-10-24,Chicago,Crawler,14.0,0.2031,Cloudy,Waxing Crescent,19.0,,5.0,299.1,17.3,10.0
2023-06-15,Kansas City,Jumper,15.0,0.1601,Foggy,First Quarter,20.5,77.9,5.2,107.0,9.0,6.0
2023-01-05,Chicago,Crawler,8.0,0.5102,Sunny,Last Quarter,18.1,75.2,2.2,50.6,23.3,1.0
2023-06-22,Des Moines,Runner,9.0,0.3775,Stormy,Full Moon,20.0,78.5,29.7,184.8,13.7,6.0
2023-05-14,Winnipeg,Runner,19.5,0.1383,Cloudy,Waning Crescent,8.5,42.1,37.2,32.1,6.8,5.0
2023-07-17,Des Moines,Runner,25.5,0.3888,Sunny,Waning Gibbous,19.8,68.8,4.8,458.6,17.6,7.0
2023-06-06,St. Louis,Runner,6.0,0.3503,Stormy,Waning Gibbous,28.5,35.1,11.5,84.2,3.6,6.0
2023-04-12,St. Louis,Walker,7.0,0.2155,Cloudy,Waning Crescent,16.9,58.8,1.7,89.9,13.3,4.0
2023-07-16,Rochester,Crawler,5.0,0.2693,Cloudy,Waning Crescent,9.5,48.4,9.1,457.7,17.2,7.0
2023-11-11,Winnipeg,Runner,16.5,0.3931,Rainy,Waxing Gibbous,17.1,65.7,2.0,361.3,11.5,11.0
2023-11-03,Chicago,Walker,5.0,0.209,Foggy,Last Quarter,24.2,79.7,21.3,41.5,3.9,11.0
2023-04-03,Fargo,Crawler,15.0,0.291,Sunny,Waxing Gibbous,10.2,57.8,11.1,34.7,1.0,4.0
2023-06-15,Kansas City,Runner,9.0,0.4036,Sunny,First Quarter,26.0,39.6,17.7,681.6,17.0,6.0
2023-11-29,St. Louis,Walker,13.0,0.3438,Cloudy,Waxing Crescent,27.9,63.1,8.8,449.8,6.6,11.0
2023-10-15,Minneapolis,Crawler,12.0,0.0853,Rainy,Waning Crescent,32.0,31.9,0.2,166.9,2.4,10.0
2023-06-24,Milwaukee,Crawler,13.0,0.3157,Foggy,Waxing Crescent,8.6,49.4,7.5,111.5,10.3,6.0
2023-07-21,,Walker,4.0,0.6588,Cloudy,Full Moon,13.7,67.6,0.1,415.4,4.5,7.0
2023-10-27,Chicago,Walker,8.0,0.2724,Cloudy,New Moon,25.2,50.0,9.8,353.8,2.0,10.0
2023-05-14,Kansas City,Runner,18.0,0.1251,Stormy,Full Moon,11.9,36.6,3.4,213.7,2.3,5.0
2023-03-20,Rochester,Walker,14.0,0.5027,Sunny,Waxing Gibbous,24.7,86.6,3.9,401.1,4.8,3.0
2023-03-15,Chicago,Walker,9.0,0.5786,Rainy,Waxing Gibbous,-5.5,43.2,12.3,48.1,18.6,3.0
2023-06-10,Minneapolis,Walker,6.0,0.056,Stormy,First Quarter,28.6,51.7,24.0,510.9,9.5,6.0
2023-10-29,Winnipeg,Walker,0.0,0.5253,Foggy,Waning Crescent,15.9,84.9,6.5,30.7,1.5,10.0
2023-12-24,Milwaukee,Walker,11.0,0.2945,Sunny,Waning Crescent,38.5,37.3,33.8,11.2,18.5,12.0
2023-02-15,Winnipeg,Walker,16.0,0.3277,Sunny,Last Quarter,10.4,75.8,10.2,427.7,21.6,2.0
2023-02-21,Milwaukee,Crawler,8.0,0.1569,Rainy,Waning Crescent,10.7,35.5,0.6,42.3,5.8,2.0
2023-01-14,Madison,Walker,11.0,,Stormy,Waning Crescent,-2.8,66.3,5.4,309.6,5.4,1.0
2023-10-23,St. Louis,Walker,7.0,0.1276,Rainy,Waning Gibbous,34.1,89.3,0.7,141.2,13.3,10.0
2023-10-18,Des Moines,Runner,13.5,0.2784,Foggy,First Quarter,26.4,49.0,33.7,51.5,19.4,10.0
2023-12-16,Madison,Crawler,7.0,0.2781,Cloudy,Waning Gibbous,26.1,67.4,1.7,912.2,8.9,12.0
2023-09-20,Des Moines,Runner,12.0,0.2408,,Waning Gibbous,34.6,43.2,0.4,149.9,50.7,9.0
2023-03-20,St. Louis,Crawler,8.0,0.4082,Foggy,First Quarter,12.7,65.6,13.5,53.7,1.1,3.0
2023-07-16,Chicago,Crawler,5.0,0.4469,Sunny,Waning Gibbous,18.4,67.3,34.7,51.0,6.0,7.0
2023-07-22,Des Moines,Runner,18.0,0.4076,Rainy,Last Quarter,25.2,68.9,0.5,287.6,25.4,7.0
2023-04-12,Des Moines,Runner,18.0,0.8019,Sunny,Full Moon,20.4,49.8,13.1,76.1,4.3,4.0
2023-06-13,Minneapolis,Jumper,18.0,0.1652,Cloudy,Last Quarter,7.6,90.0,7.4,16.2,5.7,6.0
2023-04-11,Chicago,Runner,12.0,0.4103,Stormy,New Moon,7.2,56.3,5.2,207.7,3.5,4.0
2023-12-12,Fargo,Crawler,18.0,0.294,Cloudy,Waning Crescent,27.1,40.4,2.4,76.2,5.1,12.0
2023-10-11,Fargo,Runner,27.0,0.1038,Sunny,Full Moon,19.8,38.4,2.5,231.5,20.5,10.0
2023-10-24,Kansas City,Runner,15.0,0.0665,Sunny,Full Moon,36.7,46.2,0.1,695.9,4.8,10.0
2023-05-10,Milwaukee,Walker,9.0,0.6781,Stormy,First Quarter,10.3,64.3,18.2,73.8,3.5,5.0
2023-03-03,Milwaukee,Runner,10.5,0.2359,Sunny,Waxing Crescent,27.9,85.8,4.3,61.2,1.8,3.0
2023-04-07,Rochester,Walker,12.0,0.3225,Rainy,First Quarter,8.6,71.8,20.5,341.9,31.7,
2023-04-07,Kansas City,Walker,,0.2894,Stormy,First Quarter,28.4,65.1,2.3,192.7,6.7,4.0
2023-03-22,Winnipeg,Runner,24.0,0.1289,Cloudy,Waning Gibbous,1.5,71.6,1.3,40.5,12.2,3.0
2023-08-02,Fargo,Walker,7.0,0.2878,Cloudy,Last Quarter,15.7,74.0,4.3,94.4,5.0,8.0
2023-08-04,St. Louis,Runner,13.5,0.266,Rainy,New Moon,,45.1,10.5,253.1,13.0,8.0
2023-04-28,St. Louis,Walker,13.0,0.4954,Sunny,Waning Crescent,19.5,47.2,2.4,64.0,6.4,4.0
2023-07-28,St. Louis,Walker,3.0,0.089,Sunny,First Quarter,25.0,88.1,16.0,165.8,15.2,7.0
2023-09-07,Des Moines,Runner,18.0,0.0855,Sunny,Full Moon,30.0,35.0,19.1,92.9,13.4,9.0
2023-12-16,St. Louis,Crawler,7.0,0.2346,Stormy,Waxing Gibbous,35.5,74.4,2.1,57.5,13.7,12.0
2023-04-13,Winnipeg,Walker,8.0,,Foggy,Waning Crescent,13.8,62.0,5.6,236.7,10.0,4.0
2023-04-03,Madison,Crawler,13.0,0.6352,Cloudy,New Moon,9.9,38.7,4.0,186.6,6.9,4.0
2023-01-21,Madison,Crawler,8.0,0.2501,Foggy,Waxing Gibbous,2.5,89.3,3.5,64.6,,1.0
2023-09-04,Kansas City,Walker,16.0,0.2971,Cloudy,New Moon,25.9,52.9,10.7,513.6,8.3,9.0
,Madison,Walker,12.0,0.2502,Stormy,Waxing Crescent,23.8,63.0,3.4,157.8,15.4,6.0
2023-11-19,Chicago,Walker,12.0,0.2334,Stormy,Waxing Crescent,34.7,78.1,0.5,99.8,2.0,11.0
2023-08-17,Minneapolis,Crawler,9.0,0.1122,Cloudy,Waning Gibbous,34.6,34.0,13.7,627.5,2.6,8.0
2023-02-06,Milwaukee,Crawler,9.0,0.1439,Rainy,First Quarter,-2.3,65.5,6.9,368.8,7.1,2.0
2023-10-01,Des Moines,Walker,8.0,0.0507,Sunny,New Moon,24.4,74.6,2.0,262.4,19.9,10.0
2023-06-08,Fargo,Walker,6.0,0.4346,Foggy,Waning Gibbous,24.4,39.0,4.7,175.9,17.0,6.0
2023-04-28,Minneapolis,Crawler,9.0,0.1004,Cloudy,Waning Crescent,20.3,51.3,7.2,32.1,38.9,4.0
2023-02-12,Chicago,Walker,6.0,0.265,Cloudy,First Quarter,2.5,30.4,12.0,628.0,1.9,2.0
2023-06-24,Milwaukee,Walker,4.0,0.4093,Foggy,First Quarter,13.6,34.3,0.8,375.2,5.8,6.0
2023-08-26,Milwaukee,Runner,31.5,0.3544,Sunny,Waning Gibbous,30.4,80.2,8.4,100.0,20.1,8.0
2023-04-18,Madison,Walker,11.0,0.388,Sunny,New Moon,13.2,41.2,25.2,125.9,3.3,4.0
2023-09-27,Rochester,Crawler,11.0,0.2367,Foggy,First Quarter,27.2,49.3,7.1,66.7,12.2,9.0
2023-02-22,Kansas City,Runner,13.5,0.412,Sunny,Full Moon,26.8,40.2,18.8,170.9,18.0,2.0
2023-12-01,Minneapolis,Crawler,11.0,0.4979,Sunny,First Quarter,32.8,87.3,1.8,572.3,9.0,12.0
2023-07-11,Fargo,Jumper,16.0,0.2313,Sunny,Waning Crescent,27.7,89.2,8.3,195.7,5.7,7.0
2023-09-06,St. Louis,Jumper,8.0,0.1625,Cloudy,Last Quarter,19.3,46.1,0.5,50.6,30.6,9.0
2023-08-25,St. Louis,Walker,13.0,0.1287,Foggy,Last Quarter,29.0,88.0,1.6,173.3,24.0,8.0
2023-08-15,Des Moines,Walker,15.0,0.2376,Rainy,Full Moon,16.5,43.5,5.6,401.3,4.3,8.0
2023-06-30,St. Louis,Walker,8.0,0.392,Cloudy,Waning Gibbous,21.6,52.1,4.5,31.2,17.2,6.0
2023-12-10,Des Moines,Jumper,15.0,0.5506,Foggy,Waning Crescent,22.3,33.4,11.2,209.7,13.2,12.0
2023-06-04,Minneapolis,Walker,6.0,0.4315,Rainy,New Moon,16.0,39.0,40.0,66.3,3.0,6.0
2023-10-30,Chicago,Crawler,6.0,0.4334,Cloudy,Waxing Crescent,24.3,53.0,16.6,218.4,5.0,10.0
2023-12-11,Fargo,Runner,12.0,0.0922,Foggy,Last Quarter,26.2,63.4,8.2,198.6,10.1,12.0
2023-04-13,Fargo,Walker,4.0,0.2099,Cloudy,First Quarter,9.5,89.7,2.4,33.2,8.1,4.0
2023-05-14,St. Louis,Jumper,6.0,0.2302,Foggy,First Quarter,21.5,61.4,12.2,349.9,9.2,5.0
2023-09-21,Winnipeg,Runner,6.0,0.3014,Stormy,Full Moon,8.6,43.2,27.1,89.7,5.7,9.0
2023-08-03,Madison,Walker,16.0,0.2761,Rainy,Waning Crescent,30.4,53.6,2.1,50.7,6.3,8.0
2023-08-19,Minneapolis,Runner,12.0,0.2901,Foggy,Waning Crescent,21.3,43.7,15.9,53.0,3.3,8.0
2023-06-26,Fargo,Crawler,8.0,0.2816,Sunny,Full Moon,11.3,37.7,1.2,110.9,16.5,
2023-11-10,Winnipeg,Runner,10.5,0.3841,Sunny,Waning Gibbous,13.7,50.3,57.7,113.0,4.2,11.0
2023-03-05,St. Louis,Walker,16.0,0.4326,Sunny,Last Quarter,38.3,80.5,4.7,168.0,1.3,3.0
2023-12-19,Winnipeg,Runner,9.0,0.0972,Stormy,Last Quarter,3.8,62.8,14.8,666.2,1.9,12.0
2023-09-07,Fargo,Walker,12.0,0.3151,Stormy,Full Moon,9.3,70.1,0.6,451.3,7.4,9.0
2023-11-01,Minneapolis,Walker,13.0,0.0789,Cloudy,New Moon,28.3,79.4,2.2,232.3,17.0,11.0
2023-10-10,Madison,Runner,16.5,0.4301,Rainy,Waxing Crescent,19.9,64.3,21.6,91.4,7.5,10.0
2023-10-24,Des Moines,Walker,8.0,0.2353,Foggy,Last Quarter,29.6,38.5,38.6,123.8,15.7,10.0
2023-01-15,St. Louis,Crawler,8.0,0.1964,Stormy,New Moon,2.9,56.2,23.6,260.7,18.1,1.0
2023-01-31,Chicago,Runner,10.5,0.3886,Foggy,Waxing Gibbous,0.9,76.2,7.7,154.5,11.5,1.0
2023-10-13,Milwaukee,Walker,7.0,0.2279,Cloudy,New Moon,29.6,51.0,0.3,20.8,11.0,10.0
2023-04-10,Milwaukee,Jumper,10.0,0.4435,Rainy,New Moon,10.3,87.5,2.1,828.9,5.4,4.0
2023-04-21,Des Moines,Walker,11.0,0.1601,Stormy,Last Quarter,36.0,85.1,4.0,28.8,14.6,4.0
2023-06-14,Minneapolis,Walker,14.0,0.2186,Foggy,Waxing Crescent,13.1,53.6,20.1,276.3,16.9,6.0
2023-05-02,Madison,Walker,10.0,0.1979,Foggy,Waning Crescent,5.8,76.6,8.2,45.6,5.1,5.0
2023-01-04,Kansas City,Walker,7.0,0.1041,Rainy,New Moon,15.3,61.0,35.4,162.4,11.1,1.0
2023-04-28,St. Louis,Jumper,11.0,0.0338,Sunny,New Moon,20.8,73.5,7.5,109.4,12.9,4.0
2023-07-05,Minneapolis,Walker,9.0,0.3179,Foggy,Last Quarter,14.2,82.9,0.1,635.2,9.0,7.0
2023-03-12,Madison,Walker,11.0,0.2587,Cloudy,Last Quarter,12.5,79.5,8.3,111.4,18.3,3.0
2023-09-12,Milwaukee,Walker,15.0,0.1888,Cloudy,Full Moon,25.3,66.4,5.0,19.7,1.2,9.0
2023-04-17,Fargo,Walker,8.0,0.2804,Stormy,Waxing Gibbous,18.4,69.2,0.4,12.3,10.3,4.0
2023-05-24,Fargo,Jumper,14.0,0.2671,Stormy,Waning Gibbous,2.0,75.5,4.7,74.3,5.1,5.0
2023-01-22,Des Moines,Runner,10.5,0.1776,Cloudy,Waxing Crescent,-2.6,35.4,3.0,97.7,3.0,1.0
2023-08-04,Kansas City,Walker,8.0,0.4156,Stormy,Last Quarter,19.8,37.8,3.6,72.6,15.4,8.0
2023-04-08,Minneapolis,Runner,15.0,0.344,Foggy,New Moon,13.8,38.5,14.8,45.8,23.4,4.0
2023-10-27,Madison,Crawler,2.0,0.3811,Sunny,First Quarter,29.5,48.7,5.0,335.4,13.2,10.0
2023-03-16,,Walker,8.0,0.1879,Sunny,First Quarter,0.6,90.0,5.6,265.9,9.4,3.0
2023-11-13,Chicago,Runner,13.5,0.3147,Cloudy,Full Moon,24.8,67.4,2.8,100.9,27.4,11.0
2023-10-23,Rochester,Runner,7.5,0.4707,Foggy,New Moon,19.9,50.3,13.5,453.0,8.1,10.0
2023-04-05,Kansas City,Jumper,11.0,0.4712,Foggy,Full Moon,17.3,45.3,9.0,133.3,7.0,4.0
2023-09-10,St. Louis,Walker,5.0,0.1872,Sunny,Waning Gibbous,30.6,50.9,4.1,55.3,7.4,9.0
2023-07-19,Winnipeg,Runner,31.5,0.0477,Foggy,New Moon,24.0,84.3,0.8,138.9,2.8,7.0
2023-06-24,St. Louis,Crawler,15.0,0.3419,Rainy,First Quarter,15.8,54.1,0.5,102.5,13.5,6.0
2023-02-23,St. Louis,Walker,10.0,0.5526,Stormy,Last Quarter,21.4,48.9,7.4,89.6,5.7,2.0
2023-05-14,Kansas City,Walker,8.0,0.0619,Sunny,First Quarter,25.9,79.9,8.1,43.0,5.7,5.0
2023-11-07,Winnipeg,Walker,12.0,0.2928,Rainy,New Moon,16.4,33.7,12.3,580.3,9.8,11.0
2023-09-18,Fargo,Crawler,12.0,0.2505,Rainy,Waning Crescent,21.9,69.7,3.4,112.9,1.3,9.0
2023-11-13,Rochester,Walker,12.0,0.3084,Stormy,Waning Gibbous,22.7,70.3,12.9,73.1,8.1,11.0
2023-07-28,Chicago,Walker,7.0,0.4453,Cloudy,Waxing Gibbous,14.1,78.3,23.1,188.4,5.4,7.0
2023-09-09,Minneapolis,Runner,16.5,0.3424,Stormy,Waxing Crescent,23.8,90.0,0.1,219.2,15.7,9.0
2023-01-14,Chicago,Walker,9.0,0.0808,Stormy,Waning Gibbous,16.2,75.6,24.8,571.2,14.9,1.0
2023-05-13,Minneapolis,Walker,2.0,0.4418,Stormy,Waxing Gibbous,,56.8,12.0,75.4,6.6,5.0
2023-08-29,Des Moines,Crawler,12.0,0.4334,Sunny,Waning Gibbous,23.7,63.0,9.5,71.5,2.5,8.0
2023-04-14,Madison,Walker,11.0,0.2453,Foggy,Waxing Crescent,21.8,31.0,33.7,51.5,15.8,4.0
2023-06-04,Winnipeg,Walker,12.0,0.6564,Foggy,New Moon,5.2,64.8,4.7,207.2,13.3,6.0
2023-04-10,St. Louis,Walker,13.0,0.5872,Rainy,Waning Gibbous,9.6,81.1,15.4,287.7,17.4,4.0
2023-05-16,Minneapolis,Jumper,7.0,0.1333,Sunny,Waxing Crescent,15.8,66.5,20.6,37.6,,5.0
2023-03-05,Winnipeg,Crawler,18.0,0.2286,Cloudy,First Quarter,-2.3,34.6,32.1,119.8,8.8,3.0
2023-09-21,St. Louis,Walker,6.0,0.4884,Foggy,Waning Gibbous,35.8,69.6,9.7,394.7,6.4,9.0
2023-11-04,Kansas City,Runner,3.0,0.3926,Stormy,New Moon,27.3,87.3,8.0,872.2,4.2,11.0
2023-08-31,Milwaukee,Runner,21.0,0.0194,Foggy,New Moon,24.1,47.1,26.6,118.2,8.4,8.0
2023-12-04,Chicago,Crawler,14.0,0.1612,Stormy,Waning Gibbous,41.7,61.9,12.5,57.6,8.4,12.0
2023-04-25,St. Louis,Walker,11.0,0.281,Rainy,New Moon,13.3,72.9,1.1,189.0,3.6,4.0
2023-02-28,Milwaukee,Crawler,7.0,0.5428,Sunny,Waning Crescent,11.2,32.8,3.6,319.6,12.3,2.0
2023-11-10,Rochester,Jumper,4.0,0.2226,Stormy,Waning Crescent,21.6,62.5,4.0,136.3,1.7,11.0
2023-11-16,Minneapolis,Walker,8.0,0.3418,Rainy,Waxing Gibbous,20.3,48.0,3.5,82.0,3.3,11.0
2023-10-22,Fargo,Crawler,10.0,0.3932,Cloudy,First Quarter,24.4,31.0,0.0,67.1,7.7,10.0
2023-03-31,Des Moines,Runner,27.0,0.2277,Stormy,New Moon,17.5,33.5,3.8,44.8,13.4,3.0
2023-08-04,Fargo,Runner,18.0,0.1601,Foggy,Waning Gibbous,11.4,37.4,10.9,13.7,3.2,8.0
2023-02-21,Rochester,Jumper,6.0,0.3572,Cloudy,New Moon,3.0,72.0,12.4,125.4,6.3,2.0
2023-12-27,Chicago,Walker,18.0,0.3936,Rainy,Last Quarter,28.8,42.2,8.6,1180.3,15.7,12.0
2023-06-10,Rochester,Walker,9.0,0.12,Sunny,Full Moon,9.6,84.9,5.6,79.3,12.5,6.0
2023-01-23,Kansas City,Walker,3.0,0.2508,Sunny,Full Moon,11.2,36.5,10.6,214.1,3.8,1.0
2023-01-12,Fargo,Walker,17.0,0.11,Cloudy,Waning Gibbous,3.8,79.5,7.0,200.3,8.3,1.0
2023-03-21,Chicago,Walker,4.0,0.5613,,Waning Gibbous,14.5,80.7,7.9,105.2,1.0,3.0
2023-10-30,Kansas City,Crawler,20.0,0.3529,Foggy,New Moon,29.0,87.0,14.2,38.3,5.1,10.0
2023-06-05,Chicago,Walker,12.0,0.3803,Cloudy,Waning Gibbous,27.8,84.3,5.2,204.9,10.8,6.0
2023-09-30,Milwaukee,Crawler,14.0,0.0778,Foggy,Waxing Gibbous,41.7,69.9,2.8,194.9,12.1,9.0
2023-01-17,Winnipeg,Crawler,12.0,0.0863,Rainy,Full Moon,-0.7,67.1,20.4,110.1,3.9,1.0
2023-07-23,Winnipeg,Walker,7.0,0.2856,Cloudy,Waning Gibbous,8.2,55.5,,596.3,8.2,7.0
2023-07-13,Winnipeg,Crawler,9.0,0.4516,Cloudy,Full Moon,0.1,87.9,0.9,347.7,10.0,7.0
2023-07-24,Kansas City,Runner,13.5,0.1982,Stormy,Waxing Gibbous,19.9,58.1,42.7,246.2,7.2,7.0
2023-10-22,Milwaukee,Walker,9.0,0.2979,Cloudy,Full Moon,18.8,44.9,2.9,80.8,6.9,10.0
2023-10-24,Des Moines,Runner,24.0,0.706,Cloudy,Last Quarter,20.5,37.8,9.4,692.5,6.9,10.0
2023-07-20,Des Moines,Crawler,9.0,0.1725,Sunny,Full Moon,22.2,49.6,2.2,495.9,8.5,7.0
2023-05-23,Winnipeg,Walker,11.0,0.1558,Foggy,Waning Crescent,8.0,47.7,6.0,405.8,10.7,5.0
2023-03-23,Minneapolis,Runner,21.0,0.5091,Rainy,Waxing Crescent,5.9,48.9,20.0,1083.3,10.4,3.0
2023-12-24,Des Moines,Runner,9.0,0.0667,Foggy,Waxing Gibbous,34.8,49.7,7.5,255.9,17.0,12.0
2023-11-30,Kansas City,Walker,6.0,0.3411,Foggy,Waning Crescent,45.0,33.5,0.8,90.5,8.7,11.0
2023-09-27,Milwaukee,Walker,26.0,0.3092,Stormy,Waxing Gibbous,22.9,36.1,20.3,41.9,7.6,9.0
2023-04-28,Minneapolis,Runner,9.0,0.1965,Cloudy,Full Moon,24.8,74.2,6.4,363.2,3.0,4.0
2023-04-21,Chicago,Crawler,8.0,0.5614,Sunny,Last Quarter,19.4,47.3,1.5,650.2,6.6,
2023-01-19,Chicago,Runner,15.0,0.5347,Stormy,Last Quarter,13.1,51.2,16.6,44.5,26.8,1.0
2023-05-19,Chicago,Walker,16.0,0.5447,Rainy,New Moon,19.9,74.2,5.7,230.8,7.4,5.0
2023-12-01,Minneapolis,Walker,8.0,0.2979,Foggy,New Moon,30.9,38.9,2.7,549.0,11.7,12.0
2023-04-20,Chicago,Runner,9.0,0.3226,Foggy,New Moon,10.7,54.6,17.7,279.3,3.2,4.0
2023-07-02,Minneapolis,Walker,16.0,0.4624,Stormy,Full Moon,7.3,35.5,24.8,33.5,7.5,7.0
2023-03-02,Milwaukee,Jumper,12.0,0.4733,Stormy,Last Quarter,9.1,57.2,2.6,433.0,16.5,3.0
2023-08-02,Madison,Walker,7.0,0.1598,Stormy,First Quarter,18.9,63.2,5.1,353.6,3.1,8.0
2023-06-02,Rochester,Runner,18.0,0.6397,Stormy,First Quarter,22.5,38.7,2.2,196.6,14.7,6.0
2023-09-18,Chicago,Walker,11.0,0.1521,Sunny,New Moon,36.0,59.2,0.1,57.9,8.4,9.0
2023-03-03,St. Louis,Walker,5.0,0.1723,Stormy,Waxing Gibbous,11.0,46.2,2.1,178.6,6.7,3.0
2023-01-29,Des Moines,Crawler,5.0,0.2383,Stormy,Waning Gibbous,24.9,51.8,4.5,87.5,4.9,1.0
2023-01-27,Kansas City,Runner,19.5,0.2005,Cloudy,Last Quarter,24.6,47.9,8.0,,16.8,1.0
2023-03-24,Madison,Walker,8.0,0.1799,Foggy,Waxing Gibbous,8.9,73.6,1.4,69.0,2.9,3.0
2023-12-19,Madison,Runner,6.0,0.4485,Cloudy,Waning Gibbous,24.1,73.0,1.6,360.7,8.9,12.0
2023-11-18,Chicago,Walker,15.0,0.4311,Stormy,Waning Crescent,23.9,84.0,10.0,41.6,13.8,11.0
2023-04-28,Milwaukee,Walker,25.0,0.2733,Cloudy,Full Moon,,73.6,3.2,145.1,11.8,4.0
2023-03-19,St. Louis,Walker,9.0,0.1896,Cloudy,Waxing Crescent,20.8,30.7,2.5,131.1,3.3,3.0
2023-10-20,Des Moines,Jumper,14.0,0.2096,Stormy,First Quarter,23.7,67.7,7.5,17.3,7.0,10.0
2023-04-13,Chicago,Runner,16.5,0.3396,Stormy,Waning Crescent,16.5,67.7,10.2,40.8,12.4,4.0
2023-03-19,Fargo,Walker,11.0,0.2531,Stormy,Waxing Crescent,5.7,40.8,7.0,163.1,12.0,3.0
2023-11-21,St. Louis,Runner,13.5,0.3103,Foggy,Full Moon,32.7,66.1,31.2,29.5,10.6,11.0
2023-11-10,Rochester,,13.0,0.3213,Foggy,Full Moon,27.7,60.9,16.6,107.0,12.1,11.0
2023-02-26,Winnipeg,Runner,10.5,0.4001,Stormy,,3.9,37.5,12.2,48.0,18.4,2.0
2023-05-30,Des Moines,Walker,7.0,0.4618,,New Moon,22.1,67.0,5.7,377.0,3.4,5.0
2023-09-23,Milwaukee,Runner,19.5,0.4532,Sunny,Waxing Crescent,16.3,66.4,8.8,52.5,13.3,9.0
2023-06-17,Kansas City,Runner,7.5,0.4215,Rainy,New Moon,19.8,78.8,15.4,130.0,17.0,6.0
2023-01-24,Fargo,Walker,19.0,0.5029,Sunny,Waning Gibbous,18.8,88.3,3.2,40.2,5.4,1.0
2023-07-28,Winnipeg,Walker,20.0,0.3849,Foggy,Full Moon,9.5,54.1,30.6,50.8,9.8,7.0
2023-06-06,Des Moines,Walker,4.0,0.5727,Sunny,New Moon,16.5,44.7,1.6,139.2,13.5,6.0
2023-05-01,Rochester,Walker,4.0,0.6537,Stormy,Last Quarter,4.6,83.3,1.4,83.7,8.9,5.0
2023-09-21,Minneapolis,,17.0,0.2014,Foggy,Waxing Crescent,1.4,80.6,2.4,631.2,5.7,9.0
2023-07-26,Milwaukee,Walker,8.0,0.3854,Rainy,Full Moon,15.9,62.5,4.6,137.4,7.1,7.0
2023-03-07,Madison,Runner,10.5,0.2598,Rainy,Waning Gibbous,-3.0,57.4,10.3,362.5,4.0,3.0
2023-04-26,Milwaukee,Crawler,15.0,0.2378,Cloudy,Last Quarter,11.8,41.0,5.3,244.3,16.1,4.0
2023-08-20,St. Louis,Crawler,7.0,0.3248,Sunny,First Quarter,39.6,82.3,2.3,59.6,6.8,8.0
2023-07-13,Milwaukee,Walker,7.0,0.4669,Rainy,First Quarter,23.4,49.2,19.8,199.5,11.9,7.0
2023-07-24,Des Moines,Crawler,10.0,0.3297,Rainy,Full Moon,31.2,85.3,6.7,60.1,10.3,7.0
2023-03-09,St. Louis,Runner,16.5,0.3693,Cloudy,Last Quarter,2.9,41.4,3.1,201.5,2.6,3.0
2023-07-20,Rochester,Crawler,6.0,0.0867,Rainy,New Moon,9.3,67.8,13.4,602.0,6.9,7.0
2023-05-12,Fargo,Walker,16.0,0.4535,Stormy,New Moon,10.0,49.8,13.3,178.3,1.0,5.0
2023-07-31,Kansas City,Walker,18.0,0.438,Cloudy,Waning Crescent,28.2,79.4,33.5,90.0,3.4,7.0
2023-03-13,Chicago,Crawler,12.0,0.1094,Foggy,Waning Gibbous,13.1,32.7,37.0,117.3,6.5,3.0
2023-02-23,St. Louis,Walker,3.0,0.44,Sunny,Waning Crescent,24.1,88.6,24.1,25.5,8.6,2.0
2023-07-01,Madison,Walker,6.0,0.1815,Rainy,New Moon,8.5,85.7,29.0,53.3,3.2,7.0
2023-05-11,Winnipeg,Runner,18.0,0.1504,,Waning Gibbous,9.2,78.2,8.9,103.5,9.0,5.0
2023-11-18,Kansas City,Crawler,9.0,0.221,Stormy,Waxing Gibbous,18.0,30.5,7.1,107.0,4.8,11.0
2023-05-31,Fargo,Crawler,9.0,,Stormy,Last Quarter,11.1,43.4,51.6,436.9,3.0,5.0
2023-01-08,Winnipeg,Runner,24.0,0.2594,Sunny,Waning Crescent,-5.8,54.8,1.4,63.1,1.7,1.0
2023-09-04,Fargo,Walker,8.0,0.6576,Foggy,Waning Crescent,27.2,74.4,0.9,533.1,1.6,9.0
2023-12-07,Des Moines,Jumper,12.0,0.2566,Stormy,New Moon,34.8,31.9,1.9,123.0,1.1,12.0
2023-12-31,Des Moines,Runner,6.0,0.2623,Cloudy,Waxing Crescent,30.7,82.7,0.7,373.7,9.8,12.0
2023-10-23,Rochester,Crawler,15.0,0.4023,Rainy,Waxing Gibbous,22.0,45.2,3.2,113.0,9.7,10.0
2023-08-08,Rochester,Runner,10.5,0.4552,Cloudy,Full Moon,7.3,43.9,3.8,206.6,6.8,8.0
2023-02-19,St. Louis,Jumper,12.0,0.2819,Rainy,Waxing Crescent,15.8,52.8,13.6,211.7,2.4,2.0
2023-11-06,Minneapolis,Runner,24.0,0.6414,Rainy,New Moon,21.3,74.7,0.2,128.3,8.5,11.0
2023-12-25,Des Moines,Runner,18.0,0.4189,Sunny,Full Moon,41.0,48.1,3.3,124.8,2.2,12.0
2023-09-13,Madison,Crawler,16.0,0.3523,Sunny,Last Quarter,32.4,48.6,4.0,363.4,4.5,9.0
2023-03-18,St. Louis,Runner,12.0,0.4011,Sunny,Waning Crescent,12.0,36.3,3.0,70.1,9.0,3.0
2023-08-23,Minneapolis,Runner,16.5,0.5025,Stormy,Last Quarter,30.6,67.0,1.7,35.3,7.7,8.0
2023-07-26,Kansas City,Runner,15.0,0.4253,Sunny,Waning Gibbous,18.2,43.3,1.8,204.3,4.1,7.0
2023-02-03,Milwaukee,Walker,3.0,0.4042,Stormy,New Moon,6.7,60.8,13.2,25.9,22.7,2.0
2023-03-20,Minneapolis,Crawler,26.0,0.2302,Rainy,Waning Gibbous,4.5,80.2,8.7,21.7,12.3,3.0
2023-03-03,Rochester,Walker,8.0,0.3784,Rainy,New Moon,-2.7,88.8,0.3,40.2,23.0,3.0
2023-04-27,Chicago,Crawler,21.0,0.1586,Cloudy,Full Moon,9.9,77.8,4.5,56.6,13.8,4.0
2023-02-23,Des Moines,Walker,16.0,0.1062,Rainy,First Quarter,18.9,46.7,16.9,274.1,8.5,2.0
2023-09-03,Fargo,Walker,4.0,0.6886,Sunny,First Quarter,31.0,54.8,2.7,95.6,7.9,9.0
2023-10-26,Madison,Crawler,4.0,0.2224,Rainy,Full Moon,21.7,86.2,7.9,199.2,9.1,10.0
2023-11-09,St. Louis,Walker,8.0,0.672,Sunny,Last Quarter,27.0,55.9,0.3,711.0,4.7,11.0
2023-08-13,Milwaukee,Crawler,8.0,0.309,Rainy,Waxing Crescent,8.5,35.8,20.3,87.5,30.0,8.0
2023-08-22,Des Moines,Runner,13.5,0.52,Stormy,Waning Gibbous,43.4,74.0,5.9,24.4,10.2,8.0
2023-10-14,Milwaukee,Walker,12.0,0.054,Rainy,New Moon,33.4,47.6,6.7,189.4,3.3,10.0
2023-07-29,Chicago,Walker,9.0,0.2951,Rainy,Waning Crescent,16.0,55.7,3.8,682.9,11.9,7.0
2023-11-13,Chicago,Crawler,20.0,0.1754,Cloudy,Waxing Gibbous,19.7,89.3,3.5,171.1,2.0,11.0
2023-07-28,Kansas City,Crawler,6.0,0.1966,Rainy,Waning Gibbous,32.3,75.5,4.3,118.0,6.8,7.0
2023-08-19,Chicago,Walker,13.0,0.5316,Sunny,Full Moon,37.4,43.0,3.6,211.0,4.1,8.0
2023-04-12,Minneapolis,Jumper,19.0,0.3428,Stormy,Full Moon,17.5,52.1,26.7,37.3,4.7,4.0
2023-11-15,Rochester,Runner,24.0,0.1613,Stormy,Waning Crescent,22.6,55.3,8.4,25.8,7.7,11.0
2023-04-21,Chicago,Runner,7.5,0.3687,Rainy,New Moon,9.4,46.7,29.0,98.9,21.2,4.0
2023-10-17,Madison,Walker,9.0,0.5375,Cloudy,New Moon,21.7,45.4,2.4,326.8,11.0,10.0
2023-06-12,Rochester,Runner,15.0,0.5335,Rainy,Waning Crescent,6.5,79.1,3.6,152.8,7.4,6.0
2023-03-30,Chicago,Walker,13.0,0.4061,Rainy,First Quarter,8.5,34.1,29.3,20.0,18.3,3.0
2023-11-09,St. Louis,Walker,6.0,0.5293,Rainy,New Moon,29.1,75.2,,1041.0,15.4,11.0
2023-07-19,St. Louis,Walker,4.0,0.0663,Rainy,Waning Gibbous,44.6,63.5,25.9,173.8,17.9,7.0
2023-03-02,Fargo,Crawler,3.0,0.1449,Foggy,Last Quarter,-1.6,42.7,11.0,150.8,9.6,3.0
2023-04-29,Des Moines,Walker,15.0,0.4608,Foggy,Last Quarter,21.4,77.3,10.1,274.9,5.1,4.0
2023-11-08,Kansas City,Jumper,4.0,0.2437,Sunny,Waxing Gibbous,39.0,89.9,12.3,105.2,16.3,11.0
2023-03-10,Chicago,Walker,14.0,0.4569,Foggy,New Moon,13.9,67.6,11.0,68.9,8.5,3.0
2023-09-26,Chicago,Walker,12.0,0.1899,Cloudy,Waning Crescent,20.9,43.8,15.4,42.7,7.3,9.0
2023-01-12,Des Moines,Crawler,7.0,0.299,Rainy,New Moon,8.5,32.8,21.1,481.9,3.7,1.0
2023-07-02,Fargo,Walker,11.0,0.3015,Sunny,First Quarter,29.6,52.3,13.2,275.2,1.6,7.0
2023-10-10,Madison,Runner,15.0,0.3477,Foggy,New Moon,20.1,53.5,17.9,122.8,1.6,10.0
2023-10-07,Madison,Runner,16.5,0.7077,Cloudy,Last Quarter,19.5,39.2,8.5,429.9,5.9,10.0
2023-05-14,Minneapolis,Crawler,10.0,0.4511,Stormy,Last Quarter,12.9,67.9,3.7,103.3,1.2,5.0
2023-11-22,Winnipeg,Walker,13.0,0.14,Cloudy,First Quarter,32.4,71.9,12.9,149.2,34.1,11.0
2023-08-14,Chicago,Walker,15.0,0.2553,Rainy,Waning Gibbous,18.0,45.8,6.0,225.4,2.3,8.0
2023-03-29,Kansas City,Crawler,19.0,0.3327,Cloudy,Full Moon,11.1,51.2,0.9,96.0,4.6,3.0
2023-09-20,Des Moines,Runner,12.0,0.2895,Cloudy,Waxing Crescent,24.4,74.3,13.9,85.4,12.7,9.0
2023-03-07,Des Moines,Runner,10.5,0.2829,Stormy,Waning Crescent,24.6,75.4,11.1,663.2,6.1,3.0
2023-11-11,Des Moines,Runner,21.0,0.1847,Stormy,Waxing Gibbous,29.0,73.8,3.5,160.6,23.5,11.0
2023-03-11,St. Louis,Walker,16.0,0.3902,Foggy,First Quarter,18.5,46.8,0.9,550.5,10.9,3.0
2023-08-28,Fargo,Runner,15.0,0.363,Stormy,Waning Crescent,,77.2,17.5,75.5,,8.0
2023-12-20,Chicago,Crawler,7.0,0.2158,Foggy,Waxing Gibbous,35.9,73.8,7.6,134.9,7.0,12.0
2023-09-16,Des Moines,Walker,9.0,0.0374,Foggy,Last Quarter,23.3,72.2,9.6,71.8,10.8,9.0
2023-01-03,Rochester,Walker,9.0,0.7138,Rainy,Waxing Gibbous,6.6,41.7,10.6,21.5,8.0,1.0
2023-12-21,Madison,Walker,15.0,0.6548,Cloudy,Waxing Gibbous,21.5,52.5,6.1,152.3,4.0,12.0
2023-08-07,Madison,Walker,13.0,0.2876,Rainy,Waning Crescent,33.6,65.6,10.8,531.4,3.4,8.0
2023-07-19,Fargo,Runner,7.5,0.1298,Sunny,Full Moon,21.0,79.7,8.5,24.8,9.0,7.0
2023-07-07,Kansas City,Walker,3.0,0.2195,Foggy,First Quarter,21.3,39.5,13.4,39.1,3.5,7.0
2023-01-29,Kansas City,Walker,9.0,0.3721,Foggy,First Quarter,11.3,78.3,14.5,85.3,1.2,1.0
2023-01-14,Chicago,Runner,12.0,0.318,Rainy,Waxing Gibbous,-1.3,79.5,10.6,259.6,14.9,1.0
2023-10-25,Winnipeg,Jumper,8.0,0.346,Cloudy,Waxing Gibbous,19.5,71.2,31.2,56.2,7.5,10.0
2023-09-25,Kansas City,Walker,9.0,0.0653,Sunny,Full Moon,44.2,40.2,51.6,85.8,6.4,9.0
2023-02-21,St. Louis,Walker,10.0,0.1877,Sunny,New Moon,21.9,63.6,1.5,631.7,12.2,2.0
2023-08-05,St. Louis,Runner,7.5,0.1541,Cloudy,Last Quarter,27.0,60.9,14.1,258.3,17.4,8.0
2023-11-09,Fargo,Walker,8.0,0.2132,Sunny,Waning Crescent,25.6,77.0,19.8,466.3,6.4,11.0
2023-05-31,St. Louis,Walker,11.0,0.2265,Foggy,Waning Gibbous,19.1,71.2,6.2,39.6,10.3,5.0
2023-01-19,Rochester,Runner,25.5,0.6381,Stormy,Waxing Gibbous,8.7,46.8,6.5,1223.4,18.1,1.0
2023-08-31,Minneapolis,Walker,11.0,0.1217,Stormy,Waning Crescent,32.9,73.9,4.0,55.2,11.9,8.0
2023-06-23,Fargo,Walker,16.0,0.2364,Cloudy,New Moon,6.4,84.2,5.1,142.5,6.1,6.0
2023-03-06,Minneapolis,Walker,5.0,0.5132,Cloudy,Waning Crescent,1.7,76.2,5.2,1031.0,20.7,3.0
2023-09-17,Chicago,Crawler,7.0,0.2767,Cloudy,Last Quarter,27.3,62.9,15.6,348.4,9.0,9.0
2023-08-16,St. Louis,Runner,9.0,0.2074,Stormy,Last Quarter,17.0,32.0,0.1,153.9,8.3,8.0
2023-02-10,St. Louis,Crawler,9.0,0.0898,Stormy,Waning Gibbous,9.0,54.9,45.4,200.9,14.4,2.0
2023-02-17,Winnipeg,Walker,6.0,0.2908,Stormy,Waxing Gibbous,-1.4,45.4,9.4,383.5,8.6,2.0
2023-12-19,Des Moines,Walker,9.0,0.1539,Sunny,Waxing Crescent,34.9,65.4,23.5,223.3,5.0,12.0
2023-09-07,St. Louis,Walker,15.0,0.2417,Sunny,Waxing Crescent,28.9,31.1,6.4,133.4,7.0,9.0
2023-06-30,Winnipeg,Walker,8.0,0.1356,Sunny,Waning Crescent,9.1,72.7,13.4,64.3,14.4,6.0
2023-03-02,Des Moines,Crawler,8.0,0.4566,Sunny,Full Moon,17.5,40.3,16.0,73.3,4.2,3.0
2023-11-08,St. Louis,Walker,20.0,0.0409,Sunny,Waxing Crescent,43.5,68.8,6.3,127.3,14.6,11.0
2023-01-01,Fargo,Walker,12.0,0.2281,Sunny,Waning Gibbous,1.6,51.2,6.2,88.1,13.0,1.0
2023-07-17,Rochester,Runner,27.0,0.4762,Cloudy,First Quarter,20.1,72.9,2.6,387.5,6.8,7.0
2023-12-31,Des Moines,Walker,6.0,0.2354,Stormy,First Quarter,42.8,50.0,4.6,381.7,8.0,12.0
2023-04-18,Rochester,Runner,22.5,0.1833,Stormy,Waning Gibbous,21.6,42.7,10.6,252.5,12.3,4.0
2023-06-16,Rochester,Crawler,5.0,0.2868,Cloudy,First Quarter,8.3,62.5,27.0,30.8,18.7,6.0
2023-07-20,Minneapolis,Crawler,11.0,0.2847,Stormy,Waxing Gibbous,23.1,89.8,3.5,330.1,23.7,7.0
2023-11-08,Fargo,Crawler,13.0,0.4797,Rainy,Waning Crescent,14.5,82.0,3.6,174.2,7.2,11.0
2023-01-06,Winnipeg,Walker,8.0,0.1082,Cloudy,Waxing Gibbous,8.1,31.6,6.3,240.9,3.7,1.0
2023-04-05,Rochester,Runner,9.0,0.0775,Foggy,Full Moon,9.0,54.7,0.5,282.4,12.4,4.0
2023-02-08,Kansas City,Walker,17.0,0.1374,Sunny,Last Quarter,18.7,46.5,20.4,38.8,29.8,2.0
2023-02-04,Minneapolis,Walker,11.0,0.8104,Rainy,First Quarter,17.5,81.5,2.2,6.9,5.7,2.0
2023-03-16,Minneapolis,Walker,15.0,0.3941,Cloudy,Waning Gibbous,5.2,78.6,7.7,148.9,3.7,3.0
2023-04-21,St. Louis,Walker,8.0,0.4843,Sunny,Waxing Crescent,23.7,85.6,2.7,471.3,2.8,4.0
2023-05-06,St. Louis,Runner,12.0,0.0651,Sunny,Waning Crescent,26.5,40.0,1.3,472.7,1.8,5.0
2023-05-12,Minneapolis,Runner,21.0,0.3004,Foggy,First Quarter,10.4,33.9,5.6,260.8,17.1,5.0
2023-05-24,St. Louis,Walker,12.0,0.0659,Stormy,Waxing Gibbous,13.4,30.8,10.7,146.2,7.4,5.0
2023-10-09,Rochester,Walker,8.0,0.2498,Sunny,Waning Crescent,13.7,83.6,5.9,223.0,10.6,10.0
2023-04-13,Fargo,Runner,15.0,0.353,Rainy,New Moon,6.3,39.7,14.6,111.4,3.2,4.0
2023-06-24,Madison,Runner,6.0,0.2851,Cloudy,Waxing Crescent,28.5,63.8,2.1,444.1,15.0,6.0
2023-02-15,Des Moines,Crawler,12.0,0.4123,Sunny,Waning Crescent,17.6,49.2,5.0,795.3,3.4,2.0
2023-04-21,Chicago,Runner,9.0,0.3461,Sunny,First Quarter,25.2,61.5,0.7,130.3,21.0,4.0
2023-12-07,Madison,Runner,15.0,0.11,Foggy,Waning Gibbous,27.5,56.3,7.1,72.3,1.0,12.0
2023-10-31,Rochester,Walker,12.0,0.286,Foggy,New Moon,22.7,85.7,32.3,122.5,17.4,10.0
2023-02-06,Milwaukee,Runner,15.0,0.531,Foggy,Waxing Crescent,20.6,86.5,13.4,131.2,2.8,2.0
2023-10-02,Milwaukee,Walker,7.0,0.6053,Foggy,Waxing Crescent,24.2,32.0,10.2,372.4,7.3,10.0
2023-05-10,Kansas City,Walker,13.0,0.4221,Cloudy,New Moon,14.1,39.4,2.6,222.5,22.9,5.0
2023-08-23,Madison,Walker,6.0,0.6858,Stormy,Full Moon,26.2,83.3,22.9,162.1,6.9,8.0
2023-12-02,Winnipeg,Runner,7.5,0.3304,Cloudy,Waning Crescent,12.3,67.5,0.1,45.1,1.0,12.0
2023-12-07,St. Louis,Walker,8.0,0.5587,Foggy,Waxing Crescent,33.2,38.5,8.6,41.1,5.0,12.0
,Rochester,Runner,18.0,0.4559,Foggy,Waning Crescent,13.5,48.2,8.9,73.9,2.7,9.0
2023-01-04,Fargo,Runner,6.0,0.2221,Rainy,Last Quarter,-5.7,49.5,14.5,,7.3,1.0
2023-02-25,Fargo,Runner,19.5,0.0499,Rainy,First Quarter,14.0,36.9,5.5,203.6,,2.0
2023-03-10,Winnipeg,Walker,12.0,0.1219,Rainy,Waxing Gibbous,5.1,33.4,10.8,185.1,33.8,3.0
2023-04-10,St. Louis,Walker,9.0,0.0398,Sunny,First Quarter,27.3,49.6,2.0,104.0,2.3,4.0
2023-05-26,Winnipeg,Crawler,9.0,0.1862,Foggy,Waning Gibbous,21.1,59.2,3.2,73.0,7.8,5.0
2023-01-14,Fargo,Walker,13.0,0.3781,Cloudy,First Quarter,13.4,52.0,2.5,148.0,6.5,1.0
2023-03-19,Kansas City,Crawler,16.0,0.4321,Sunny,Last Quarter,15.7,77.5,0.2,314.4,7.2,3.0
2023-03-16,Fargo,Runner,16.5,0.2957,Rainy,Last Quarter,-0.7,37.2,4.6,847.8,22.8,3.0
2023-05-04,St. Louis,Crawler,9.0,0.3427,Sunny,Waning Crescent,31.5,57.9,,24.1,21.6,5.0
2023-04-17,Des Moines,Crawler,11.0,0.1027,Rainy,Waxing Gibbous,30.3,48.8,26.4,361.3,6.9,4.0
2023-01-04,Madison,Walker,19.0,0.0238,Cloudy,Waning Gibbous,12.4,45.5,8.5,294.6,10.9,1.0
2023-03-09,Winnipeg,Walker,6.0,0.4741,Stormy,Waxing Gibbous,10.2,89.3,12.7,184.3,17.5,3.0
2023-12-29,St. Louis,Walker,1.0,0.3588,Foggy,First Quarter,31.1,86.2,14.0,108.1,12.5,12.0
2023-12-22,Kansas City,Runner,9.0,0.2473,Foggy,Waning Crescent,32.1,74.6,16.0,243.4,10.6,12.0
2023-07-02,Winnipeg,Crawler,6.0,0.134,Rainy,First Quarter,16.4,76.2,4.1,111.4,16.7,7.0
2023-01-21,Milwaukee,Crawler,13.0,0.1699,Sunny,Waning Gibbous,1.3,78.3,32.4,199.9,1.9,1.0
2023-06-21,Chicago,Runner,27.0,0.4101,Foggy,Last Quarter,16.2,52.5,7.8,137.8,11.9,6.0
2023-01-16,Minneapolis,Walker,17.0,0.515,Cloudy,First Quarter,0.8,64.6,4.1,10.2,3.8,1.0
2023-05-03,Rochester,Runner,9.0,0.3196,Cloudy,Waxing Gibbous,3.2,38.8,4.2,363.0,3.7,5.0
2023-03-14,Chicago,Crawler,10.0,0.4621,Sunny,New Moon,1.3,33.0,0.2,119.1,7.9,3.0
2023-07-09,Fargo,Runner,15.0,0.0576,Stormy,First Quarter,18.9,82.3,0.5,106.0,10.2,7.0
2023-01-27,St. Louis,Walker,5.0,0.496,Foggy,Waning Gibbous,5.9,79.0,9.7,630.7,19.1,1.0
2023-04-01,Chicago,Runner,6.0,0.2022,Stormy,Waning Crescent,10.3,80.9,2.8,132.7,15.7,4.0
2023-07-14,Kansas City,Runner,16.5,0.449,Rainy,Waxing Crescent,28.1,54.6,15.9,182.7,8.5,7.0
2023-06-05,St. Louis,Runner,30.0,0.1208,Sunny,Waxing Crescent,22.6,78.2,6.5,39.1,15.8,6.0
2023-12-10,Kansas City,Walker,9.0,0.3848,Foggy,Waxing Crescent,25.5,33.5,1.5,1065.9,3.4,12.0
2023-08-07,Minneapolis,Runner,34.5,0.0994,Rainy,Waxing Crescent,24.9,88.9,3.1,468.6,7.0,8.0
2023-02-22,Fargo,Crawler,11.0,0.4279,Rainy,Waning Crescent,9.0,38.1,18.6,74.5,21.2,2.0
2023-04-03,St. Louis,Crawler,12.0,0.3316,Rainy,First Quarter,11.8,69.5,6.7,576.8,5.4,4.0
,Chicago,Walker,12.0,0.044,Rainy,Last Quarter,30.7,70.7,17.9,331.5,30.7,11.0
2023-11-17,St. Louis,Runner,16.5,0.6162,Foggy,First Quarter,36.2,30.1,1.7,49.5,3.6,11.0
2023-08-19,Winnipeg,Walker,9.0,0.2982,Rainy,First Quarter,13.6,48.0,12.4,68.3,17.9,8.0
2023-08-19,St. Louis,Walker,11.0,0.1895,Rainy,Waning Crescent,34.2,49.2,2.4,125.1,4.4,8.0
2023-04-26,Madison,,16.5,0.42,Foggy,Waxing Gibbous,14.2,32.2,4.6,60.0,11.0,4.0
2023-09-13,Madison,Walker,10.0,0.1709,Stormy,Waning Gibbous,12.1,76.1,23.0,294.6,9.6,9.0
2023-03-04,Winnipeg,Crawler,6.0,0.2017,Rainy,Full Moon,1.4,60.5,13.9,29.7,39.9,3.0
2023-09-10,Winnipeg,Walker,11.0,0.273,Stormy,Full Moon,16.5,57.0,6.8,340.5,6.0,9.0
2023-03-20,Winnipeg,Walker,6.0,0.4876,Stormy,Waning Crescent,-2.2,51.9,0.2,122.2,1.4,3.0
2023-07-14,Kansas City,Walker,4.0,0.0607,Cloudy,Waning Gibbous,28.2,45.6,14.6,359.4,9.1,7.0
2023-12-19,Madison,Jumper,14.0,0.519,Stormy,Waxing Gibbous,35.2,89.4,9.8,208.2,4.5,12.0
2023-05-12,Minneapolis,Runner,13.5,0.5709,Foggy,First Quarter,16.7,71.5,3.3,52.7,11.7,5.0
2023-02-06,Minneapolis,Walker,12.0,0.8522,Cloudy,Waning Crescent,12.4,40.5,3.6,,1.0,2.0
2023-04-14,Winnipeg,Runner,7.5,0.1329,Rainy,Waning Crescent,13.6,48.5,29.3,1921.3,6.8,4.0
2023-06-12,Madison,Walker,4.0,0.0738,Stormy,Waxing Gibbous,16.6,79.9,39.3,2666.0,6.3,6.0
2023-08-26,Kansas City,Runner,13.5,0.4862,Stormy,Full Moon,29.2,45.0,4.9,19.6,7.4,8.0
2023-07-19,Madison,Crawler,18.0,0.2356,Foggy,Waxing Gibbous,17.9,58.7,11.0,229.3,10.0,7.0
2023-02-15,Milwaukee,Crawler,13.0,0.6171,Sunny,Waxing Crescent,6.9,73.9,0.0,214.1,1.0,2.0
2023-09-28,Chicago,Walker,5.0,0.1245,Cloudy,Waning Crescent,21.5,37.9,,548.0,3.8,9.0
2023-09-21,Chicago,Walker,10.0,0.5659,Foggy,New Moon,23.0,66.6,15.4,256.1,15.5,9.0
2023-09-05,Winnipeg,Walker,5.0,0.6855,Stormy,Waxing Gibbous,10.2,46.8,36.1,117.6,4.2,9.0
2023-09-28,Des Moines,Crawler,18.0,0.2067,Rainy,New Moon,37.0,53.5,11.5,752.5,9.5,9.0
2023-01-10,Winnipeg,Walker,10.0,0.2584,Sunny,Waning Gibbous,6.5,53.0,24.5,164.1,9.1,1.0
2023-07-27,Des Moines,Runner,27.0,0.1361,Rainy,Waning Gibbous,20.8,,16.0,141.7,14.6,7.0
,Milwaukee,Runner,27.0,0.5318,Rainy,Waning Crescent,-3.6,78.0,28.3,118.2,8.1,3.0
2023-10-16,Kansas City,Walker,8.0,0.4949,Sunny,First Quarter,30.8,37.2,29.5,153.4,22.0,10.0
2023-09-11,Chicago,Crawler,11.0,0.2541,Foggy,Last Quarter,33.7,32.8,14.7,85.3,5.8,9.0
2023-09-02,Kansas City,Walker,12.0,0.5104,Rainy,Waning Gibbous,40.0,75.5,1.5,209.1,6.7,9.0
2023-03-30,Rochester,Walker,10.0,0.5309,Sunny,Waxing Gibbous,8.9,60.5,,307.5,7.8,3.0
2023-06-09,St. Louis,Jumper,8.0,0.4382,Stormy,Full Moon,12.5,84.5,3.8,522.2,26.6,6.0
2023-05-29,Kansas City,Crawler,7.0,0.6749,Stormy,Waning Crescent,22.9,58.1,11.8,76.7,12.7,5.0
2023-02-27,Kansas City,Runner,7.5,0.2386,Foggy,New Moon,8.4,75.7,8.8,64.8,9.2,2.0
2023-05-23,St. Louis,Walker,6.0,,Cloudy,First Quarter,21.1,44.6,25.5,98.2,6.0,5.0
2023-12-15,Minneapolis,Walker,23.0,0.2697,Rainy,Last Quarter,25.3,58.5,5.9,133.5,1.6,12.0
2023-06-12,St. Louis,Runner,9.0,0.0388,Rainy,New Moon,15.6,56.0,29.0,46.6,16.3,6.0
2023-03-31,Des Moines,Walker,10.0,0.5495,Stormy,Waxing Crescent,23.0,50.5,22.0,154.7,6.9,3.0
2023-10-06,St. Louis,Walker,10.0,0.1609,Cloudy,New Moon,37.1,73.0,5.4,102.6,11.5,10.0
2023-01-07,Chicago,Runner,7.5,0.3128,Rainy,New Moon,7.6,66.5,6.3,150.4,8.7,1.0
2023-04-07,Chicago,Walker,10.0,0.3745,Rainy,New Moon,8.4,75.8,5.9,24.5,19.5,4.0
2023-01-16,Kansas City,Runner,13.5,0.3187,Sunny,Waxing Crescent,15.1,40.7,1.1,628.9,18.8,1.0
2023-04-03,Minneapolis,Runner,10.5,0.5605,Sunny,Waning Crescent,16.2,53.4,0.2,271.4,16.2,4.0
2023-06-05,Rochester,Runner,21.0,0.3292,Sunny,Waning Crescent,10.8,37.7,29.4,72.6,15.7,6.0
2023-01-24,Fargo,Runner,12.0,0.123,Stormy,Full Moon,1.1,34.0,20.0,537.5,15.5,1.0
2023-06-24,Madison,Crawler,10.0,0.6511,Sunny,Full Moon,16.3,48.9,5.7,1331.5,7.4,6.0
2023-01-11,St. Louis,Walker,11.0,0.4765,Cloudy,Waning Gibbous,12.2,63.0,21.3,275.1,5.6,1.0
2023-12-01,Chicago,Walker,5.0,0.1211,Foggy,Full Moon,24.0,74.6,4.8,77.3,9.7,12.0
2023-07-30,Fargo,Walker,,0.143,Foggy,Waning Gibbous,16.8,35.6,4.7,31.7,11.7,7.0
2023-11-02,Rochester,Walker,6.0,0.3346,Stormy,New Moon,17.3,37.9,2.3,140.6,8.5,11.0
2023-02-12,Madison,Crawler,2.0,0.3395,Foggy,Waxing Crescent,12.3,84.5,2.0,67.1,13.3,2.0
2023-02-19,Des Moines,Crawler,9.0,0.3104,Foggy,Waning Crescent,9.4,51.9,4.6,162.5,3.7,2.0
2023-05-04,Kansas City,Walker,24.0,0.4483,Stormy,First Quarter,19.1,71.4,15.0,330.2,4.4,5.0
2023-05-19,Rochester,Walker,4.0,0.5177,Sunny,Waxing Crescent,16.2,42.5,10.1,120.8,1.0,5.0
2023-04-24,Fargo,Jumper,18.0,0.4487,Rainy,First Quarter,10.2,30.1,8.2,169.1,18.6,4.0
2023-11-08,Fargo,Walker,10.0,,Cloudy,Waning Gibbous,19.2,47.4,12.4,51.2,7.2,11.0
2023-10-05,Fargo,Runner,9.0,0.3537,Stormy,First Quarter,28.2,30.4,7.4,72.2,1.6,10.0
2023-11-09,Winnipeg,Walker,,0.2367,Cloudy,Full Moon,16.0,58.6,13.5,168.5,1.0,11.0
2023-03-09,Chicago,Walker,11.0,0.4144,Foggy,First Quarter,18.5,55.8,4.9,203.9,23.0,3.0
2023-02-23,Des Moines,Runner,9.0,0.2127,Cloudy,Last Quarter,13.9,33.8,30.5,78.2,2.2,2.0
2023-07-28,Fargo,Runner,7.5,0.2054,Sunny,Last Quarter,17.3,53.9,16.6,31.5,10.5,7.0
2023-10-10,Chicago,Walker,9.0,0.252,Sunny,Last Quarter,22.6,57.0,10.6,381.5,8.7,10.0
2023-09-30,Kansas City,Jumper,6.0,0.3163,Sunny,New Moon,36.3,32.8,3.4,32.1,18.8,9.0
2023-06-06,Kansas City,Walker,4.0,0.3399,Stormy,New Moon,21.5,89.8,17.4,4691.1,4.5,6.0
2023-03-15,Rochester,Walker,11.0,0.0789,Cloudy,New Moon,10.1,80.7,,256.4,5.1,3.0
,Chicago,Runner,16.5,0.3971,Rainy,Waxing Crescent,16.6,76.8,3.8,935.0,18.4,6.0
2023-09-01,Minneapolis,Crawler,11.0,0.398,Stormy,Waxing Gibbous,25.6,56.2,6.5,151.1,1.6,9.0
2023-03-17,Winnipeg,Walker,17.0,0.1683,Rainy,Waxing Crescent,-0.8,89.6,4.3,119.5,1.0,3.0
2023-03-30,Fargo,Walker,3.0,0.3083,Foggy,Waxing Gibbous,-9.6,46.3,2.0,562.3,5.5,3.0
2023-01-09,Des Moines,Walker,7.0,0.6355,Stormy,Waning Gibbous,9.9,76.0,1.9,515.7,23.7,1.0
2023-08-06,Minneapolis,Walker,4.0,0.4618,Cloudy,Waxing Crescent,19.7,64.5,26.6,116.5,11.9,8.0
2023-08-02,St. Louis,Walker,8.0,0.5954,Rainy,First Quarter,29.6,49.3,18.3,285.3,2.7,
2023-11-16,Madison,Walker,4.0,0.0309,Cloudy,New Moon,23.6,88.8,6.7,175.1,26.4,11.0
2023-01-13,Chicago,Walker,15.0,0.4359,Foggy,New Moon,12.8,55.4,0.7,785.8,19.5,1.0
2023-12-05,Kansas City,Walker,11.0,0.649,Rainy,New Moon,33.5,33.3,10.9,156.7,8.1,12.0
2023-02-02,Madison,Walker,9.0,0.1528,Sunny,Last Quarter,13.5,33.4,3.7,36.3,13.6,2.0
2023-04-25,Minneapolis,Walker,4.0,0.3004,Stormy,Waxing Gibbous,9.6,86.5,7.4,60.0,6.4,4.0
2023-10-11,Chicago,Walker,12.0,0.6213,Cloudy,Last Quarter,24.3,78.3,4.6,348.3,12.3,10.0
2023-04-06,Winnipeg,Runner,6.0,0.407,Foggy,Waxing Crescent,0.8,37.9,3.4,653.8,5.6,4.0
2023-06-13,Minneapolis,Crawler,15.0,0.533,Cloudy,New Moon,19.4,50.3,30.1,254.1,2.4,6.0
2023-02-23,Minneapolis,Walker,10.0,0.3264,Stormy,Waxing Crescent,-4.6,,26.8,714.1,6.3,2.0
2023-12-27,Rochester,Walker,9.0,0.4445,Rainy,Last Quarter,31.9,36.6,10.4,743.4,3.4,12.0
2023-01-22,Chicago,Walker,15.0,0.3261,Sunny,Waxing Gibbous,4.0,39.0,2.7,97.9,17.8,1.0
2023-09-25,Winnipeg,Walker,11.0,0.1955,Stormy,Last Quarter,21.5,52.1,7.1,104.2,12.3,9.0
2023-09-15,,Walker,8.0,0.4743,Cloudy,First Quarter,17.4,33.4,21.7,264.1,2.3,9.0
2023-02-02,Winnipeg,Walker,23.0,0.8067,Cloudy,New Moon,4.1,32.1,3.2,90.1,5.7,2.0
2023-06-17,Minneapolis,Runner,16.5,0.0797,Sunny,Waning Crescent,15.3,76.5,20.6,123.1,8.1,6.0
2023-04-24,Kansas City,Walker,8.0,0.5032,Stormy,New Moon,20.4,53.6,8.7,116.1,4.6,4.0
2023-09-15,Madison,Runner,21.0,0.0412,Foggy,Waxing Gibbous,11.6,58.5,4.7,371.4,4.2,9.0
2023-03-31,Winnipeg,Walker,8.0,0.1454,Sunny,New Moon,12.6,41.7,8.9,147.5,4.5,3.0
2023-01-19,Minneapolis,Walker,8.0,0.5361,Rainy,Waning Crescent,10.8,82.2,12.6,264.3,13.6,1.0
2023-04-21,Chicago,Crawler,12.0,0.233,Foggy,First Quarter,6.8,50.0,9.5,122.1,12.8,4.0
2023-04-13,Madison,Walker,6.0,0.1664,Foggy,Last Quarter,14.8,60.0,7.3,88.2,1.4,4.0
2023-10-30,Fargo,Runner,16.5,0.2808,Stormy,Full Moon,20.7,82.2,5.7,25.6,11.0,10.0
2023-02-08,Des Moines,Crawler,7.0,0.301,Foggy,Last Quarter,5.6,75.4,0.9,1114.2,10.7,2.0
2023-04-06,Minneapolis,Walker,6.0,0.3698,Cloudy,New Moon,8.0,38.7,0.2,90.7,9.9,4.0
2023-08-07,Minneapolis,Runner,12.0,0.1245,Sunny,Full Moon,33.4,54.2,13.5,198.9,5.9,8.0
2023-03-28,Madison,Runner,28.5,0.1408,Foggy,Waning Gibbous,9.4,89.5,33.8,259.2,8.2,3.0
2023-06-24,Des Moines,Runner,13.5,0.1746,Sunny,Last Quarter,38.6,36.5,18.4,278.8,4.6,6.0
2023-10-08,Chicago,Runner,19.5,0.5345,Foggy,Waning Gibbous,20.8,71.5,81.3,30.9,6.3,10.0
2023-07-14,Kansas City,Walker,12.0,0.2578,Stormy,New Moon,32.1,62.6,1.6,210.6,10.2,7.0
2023-07-17,Madison,Walker,14.0,0.2273,Foggy,Waxing Crescent,6.7,83.6,19.0,235.7,1.7,7.0
2023-05-31,Winnipeg,Runner,7.5,0.5589,Cloudy,Last Quarter,9.7,53.4,26.5,112.4,3.5,5.0
2023-09-24,Rochester,Runner,30.0,0.5202,Cloudy,Last Quarter,19.5,85.9,3.1,73.3,10.8,9.0
2023-06-10,St. Louis,Walker,6.0,0.05,Foggy,Waning Gibbous,7.9,65.0,5.3,58.7,11.4,6.0
2023-11-25,Milwaukee,Walker,2.0,0.2738,Foggy,Waning Crescent,16.3,44.7,16.1,225.6,1.0,11.0
2023-10-26,Minneapolis,Runner,6.0,0.2288,Foggy,Waxing Gibbous,23.4,64.1,5.2,205.5,18.5,10.0
2023-12-19,St. Louis,Jumper,9.0,0.386,Cloudy,New Moon,34.6,67.1,0.6,2026.0,8.2,12.0
2023-05-16,Madison,Crawler,11.0,0.3923,Foggy,New Moon,21.3,56.6,32.4,311.0,7.8,5.0
2023-01-19,Madison,Crawler,20.0,0.1827,Sunny,Waning Crescent,17.4,78.9,6.8,334.0,23.7,1.0
2023-06-30,Kansas City,Walker,7.0,0.0462,Foggy,Waxing Crescent,8.8,45.3,3.4,12.0,19.8,
2023-10-05,Rochester,Walker,9.0,0.5581,Sunny,Last Quarter,31.3,63.8,1.0,116.8,14.1,10.0
2023-08-22,Winnipeg,Runner,15.0,0.4633,Foggy,Waxing Crescent,12.9,34.7,3.8,143.3,16.7,8.0
2023-01-26,Madison,Runner,19.5,0.2359,Foggy,Waning Crescent,13.9,41.8,23.3,44.3,16.5,1.0
2023-04-26,Fargo,Jumper,9.0,0.3778,Sunny,New Moon,8.5,33.6,4.2,106.2,7.8,4.0
2023-06-16,Rochester,Walker,5.0,0.0698,Cloudy,New Moon,12.0,43.8,11.2,610.0,13.3,6.0
2023-02-09,St. Louis,Runner,19.5,0.0851,Foggy,Waxing Gibbous,12.3,68.3,0.3,6.1,9.9,2.0
2023-05-08,Rochester,Walker,12.0,0.2546,Sunny,Last Quarter,26.7,35.5,5.3,420.4,3.5,5.0
2023-02-19,Des Moines,Walker,4.0,0.1628,Rainy,Waxing Crescent,8.9,50.6,12.2,294.5,11.7,2.0
2023-05-01,Kansas City,Runner,18.0,0.4424,Stormy,Waning Crescent,25.3,80.9,0.5,92.1,8.9,5.0
2023-08-24,Milwaukee,Walker,12.0,0.3233,Stormy,,28.4,53.5,4.1,578.5,13.6,8.0
2023-02-19,Fargo,Crawler,8.0,0.4142,Stormy,Waning Gibbous,2.7,75.3,20.0,194.4,20.8,2.0
2023-09-06,Chicago,Walker,13.0,0.2762,Stormy,Waxing Crescent,18.6,32.6,1.2,590.0,6.7,9.0
2023-07-17,Winnipeg,Walker,10.0,0.3148,Stormy,Last Quarter,5.2,30.7,10.1,464.2,4.6,7.0
2023-08-17,Winnipeg,Runner,16.5,0.1576,Foggy,Full Moon,-10.5,33.5,10.2,317.3,29.7,8.0
2023-10-10,Chicago,Walker,9.0,0.0924,Stormy,First Quarter,22.2,79.6,1.2,168.7,10.0,10.0
2023-04-16,Milwaukee,Walker,12.0,0.2191,Sunny,,23.3,53.5,5.9,217.3,5.3,4.0
2023-01-05,St. Louis,Jumper,4.0,0.5188,Rainy,Waning Crescent,3.7,79.0,30.6,169.0,25.0,1.0
2023-09-10,Madison,Walker,9.0,0.1362,Foggy,New Moon,23.3,62.9,4.2,261.3,11.2,9.0
2023-09-14,Des Moines,Walker,12.0,0.4581,Sunny,Waning Crescent,38.5,36.0,2.8,218.4,23.3,9.0
2023-03-22,Chicago,Walker,9.0,0.2581,Cloudy,First Quarter,11.9,67.0,8.1,81.8,6.5,3.0
2023-12-01,Fargo,Runner,25.5,0.2521,Rainy,Waxing Gibbous,24.3,63.2,2.0,46.9,5.5,12.0
2023-10-18,Rochester,Crawler,13.0,0.186,Foggy,Waning Gibbous,14.2,64.9,1.4,129.5,11.1,10.0
2023-09-02,Rochester,Jumper,11.0,0.2879,Rainy,Waning Crescent,28.7,74.9,5.2,193.0,3.9,9.0
2023-11-26,St. Louis,Crawler,9.0,0.3164,Rainy,Last Quarter,33.3,85.6,40.4,59.0,11.2,11.0
2023-12-11,Madison,Crawler,16.0,0.4634,Cloudy,Waning Crescent,20.4,72.0,10.0,123.4,15.5,12.0
2023-02-20,Kansas City,Walker,14.0,0.2227,Sunny,First Quarter,20.7,55.9,12.7,665.9,9.5,2.0
2023-12-07,Chicago,Runner,4.5,0.6393,Cloudy,New Moon,25.4,74.6,1.1,215.3,8.1,12.0
2023-11-10,Milwaukee,Crawler,10.0,0.37,Foggy,Full Moon,19.6,65.7,4.9,75.8,8.3,11.0
2023-08-19,Milwaukee,Runner,13.5,0.3923,Stormy,Last Quarter,9.0,46.6,15.2,123.9,7.0,8.0
2023-12-31,Winnipeg,Runner,18.0,0.8536,Foggy,Waxing Crescent,30.4,38.8,15.8,96.7,7.3,12.0
2023-09-28,Chicago,Runner,16.5,0.2066,Cloudy,Waning Gibbous,32.7,32.2,4.3,329.2,12.4,9.0
2023-02-08,Chicago,Walker,5.0,0.1454,Sunny,Last Quarter,5.1,45.0,0.4,58.7,23.4,2.0
2023-07-26,Milwaukee,Runner,10.5,0.5597,Cloudy,First Quarter,23.8,40.8,33.8,49.0,8.8,7.0
2023-03-11,St. Louis,Runner,6.0,0.8317,Rainy,Waxing Crescent,12.4,69.4,7.6,133.0,5.5,3.0
2023-03-12,Fargo,Jumper,15.0,0.2299,Sunny,Waning Gibbous,9.7,49.5,25.5,218.4,15.2,3.0
2023-09-16,Des Moines,Walker,13.0,0.8119,Cloudy,New Moon,20.7,38.5,2.7,208.3,13.7,9.0
2023-07-04,St. Louis,Runner,15.0,0.3541,Foggy,Waning Crescent,7.9,32.8,0.4,140.3,10.6,7.0
2023-06-23,Winnipeg,Runner,16.5,0.7256,Stormy,First Quarter,13.0,33.3,10.0,379.0,1.0,6.0
2023-08-09,Rochester,Walker,11.0,0.3167,Stormy,Waxing Crescent,28.5,72.8,,125.2,2.0,8.0
2023-12-24,Fargo,Jumper,9.0,0.2429,Cloudy,First Quarter,7.8,53.7,1.1,124.8,2.9,12.0
2023-05-07,Winnipeg,Runner,10.5,0.1228,Sunny,Waning Gibbous,23.7,58.4,0.1,389.9,11.4,5.0
2023-02-09,Chicago,Walker,11.0,0.1069,Foggy,Waxing Gibbous,4.8,36.6,0.8,79.4,1.0,2.0
2023-02-18,Rochester,Crawler,8.0,0.4175,Foggy,First Quarter,6.8,84.4,3.1,13.7,14.5,2.0
2023-08-22,Kansas City,Runner,15.0,0.1438,,Full Moon,26.0,69.6,19.1,206.8,18.9,8.0
2023-08-02,Minneapolis,Walker,5.0,0.2265,Foggy,Full Moon,22.9,58.6,36.6,76.7,11.4,8.0
2023-04-14,Chicago,Walker,14.0,0.6422,Stormy,Waning Gibbous,12.5,80.8,21.1,184.1,19.5,4.0
2023-04-05,Chicago,Walker,4.0,0.2313,Rainy,New Moon,15.5,70.7,2.5,60.8,12.8,4.0
2023-02-23,Kansas City,Walker,17.0,0.0762,Cloudy,First Quarter,20.3,50.5,5.0,290.5,11.4,2.0
2023-04-20,Chicago,Walker,15.0,0.2589,Foggy,Waning Crescent,8.7,38.7,20.9,144.8,10.4,4.0
2023-03-07,Madison,Walker,11.0,0.536,Foggy,Waning Crescent,12.7,67.6,12.2,61.5,5.5,3.0
2023-07-01,Rochester,Walker,14.0,0.2745,Cloudy,Waning Gibbous,9.3,84.5,24.7,125.6,18.2,7.0
2023-07-24,Madison,Walker,9.0,0.2883,Rainy,Waxing Gibbous,16.3,72.9,1.7,59.3,7.6,7.0
2023-11-06,Milwaukee,Walker,11.0,0.4048,Stormy,Waxing Crescent,21.5,48.2,0.5,786.2,3.4,11.0
2023-01-17,Fargo,Runner,3.0,0.4018,Stormy,First Quarter,0.8,52.0,38.9,473.1,22.1,1.0
2023-03-25,Chicago,Walker,11.0,0.1322,Stormy,First Quarter,6.3,34.0,1.2,119.6,20.3,3.0
2023-07-25,Chicago,Runner,4.5,0.3941,Foggy,Waxing Gibbous,19.4,30.0,38.3,130.6,23.5,7.0
2023-04-15,Minneapolis,Runner,12.0,0.5078,Sunny,Waxing Gibbous,31.1,54.8,22.8,70.5,20.2,4.0
2023-05-08,Fargo,Walker,5.0,0.4924,Stormy,Waxing Crescent,6.3,49.3,0.9,49.2,2.1,5.0
2023-03-22,Chicago,Walker,7.0,0.5334,Sunny,Waxing Gibbous,21.1,60.6,33.3,236.9,14.9,3.0
2023-09-12,Minneapolis,Walker,10.0,0.1651,Cloudy,Waxing Gibbous,40.4,33.4,9.2,1410.3,6.8,9.0
2023-08-20,St. Louis,Runner,24.0,0.1884,Foggy,Waning Gibbous,25.5,36.2,2.2,25.7,5.1,8.0
2023-11-21,Madison,Walker,5.0,0.1273,Stormy,New Moon,15.2,33.2,3.4,74.6,5.2,11.0
2023-12-11,Chicago,Runner,10.5,0.5015,Rainy,Waning Crescent,30.6,73.9,4.9,505.4,11.3,12.0
2023-02-04,Winnipeg,Walker,6.0,0.13,Foggy,Last Quarter,15.3,51.6,14.7,74.5,12.7,2.0
2023-08-31,Chicago,Walker,10.0,0.5411,Foggy,Full Moon,12.8,86.0,47.8,341.7,24.2,8.0
2023-10-07,Madison,Walker,14.0,0.2341,,Waning Crescent,32.9,55.9,2.9,90.8,3.6,10.0
2023-05-13,Fargo,Walker,16.0,0.2382,Stormy,New Moon,14.0,73.9,0.1,212.6,3.4,5.0
,Des Moines,Crawler,15.0,0.1991,Stormy,Waxing Gibbous,25.0,42.5,15.3,370.4,13.0,10.0
2023-09-26,Fargo,Runner,15.0,0.0738,Rainy,Last Quarter,8.8,68.5,23.0,162.2,4.6,9.0
2023-05-15,Winnipeg,Crawler,7.0,0.1874,Foggy,Last Quarter,13.1,37.6,8.9,53.6,14.9,5.0
2023-12-02,Fargo,Runner,21.0,0.5408,Cloudy,Last Quarter,18.3,79.8,31.5,49.6,8.1,12.0
2023-06-07,Minneapolis,Walker,6.0,0.7742,Foggy,Last Quarter,20.1,35.7,14.7,326.7,7.2,6.0
2023-08-27,Winnipeg,Walker,6.0,0.1611,Rainy,New Moon,19.5,71.7,5.3,35.3,18.0,8.0
2023-03-10,St. Louis,Crawler,2.0,0.6901,Rainy,Waxing Crescent,25.6,49.5,7.8,169.8,8.2,3.0
2023-06-21,Winnipeg,Crawler,14.0,0.5844,Cloudy,New Moon,6.4,40.9,4.5,438.2,18.5,
2023-10-30,Fargo,Runner,1.5,0.3295,Foggy,Waning Crescent,23.7,78.0,35.8,922.6,7.2,10.0
2023-12-09,Fargo,Walker,10.0,0.4739,Foggy,First Quarter,18.5,79.4,8.9,531.4,10.4,12.0
2023-11-16,Winnipeg,Crawler,16.0,0.5911,Rainy,Waxing Gibbous,8.1,59.5,15.3,840.7,3.6,11.0
2023-10-04,Kansas City,Walker,7.0,0.7103,Cloudy,First Quarter,45.0,78.0,6.7,61.6,5.9,10.0
2023-12-26,Kansas City,Crawler,5.0,0.2078,Rainy,First Quarter,38.4,87.5,5.7,415.5,10.6,12.0
2023-07-15,Fargo,Walker,13.0,0.6326,Rainy,First Quarter,6.5,39.3,1.6,314.2,3.0,7.0
2023-06-26,St. Louis,Walker,13.0,0.1023,Stormy,Waxing Crescent,20.9,57.0,0.2,87.1,3.6,6.0
2023-07-22,Milwaukee,Walker,11.0,0.4719,Sunny,Waning Gibbous,12.0,,3.2,220.7,3.0,7.0
2023-08-07,Chicago,Crawler,7.0,0.2151,Rainy,Full Moon,30.1,59.5,19.5,43.9,15.0,8.0
2023-10-20,Rochester,Jumper,4.0,0.0099,Stormy,First Quarter,21.3,67.7,2.0,404.9,13.5,10.0
2023-12-02,Rochester,Jumper,6.0,0.545,Rainy,Waning Crescent,24.1,62.6,7.1,70.8,14.5,12.0
2023-08-13,Chicago,Walker,16.0,0.3362,Stormy,First Quarter,10.0,51.2,0.7,322.2,25.8,8.0
2023-06-08,Rochester,Crawler,9.0,0.2705,Cloudy,First Quarter,12.6,69.7,7.8,293.6,7.2,6.0
2023-03-21,Fargo,Walker,13.0,,Stormy,Waning Crescent,-2.6,36.8,7.3,85.9,12.0,3.0
2023-09-30,Minneapolis,Runner,16.5,0.1773,Rainy,New Moon,25.1,54.3,2.7,31.2,5.5,9.0
2023-09-11,Kansas City,Runner,12.0,0.0658,Cloudy,Full Moon,35.2,84.6,6.4,116.2,7.8,9.0
2023-08-04,Rochester,Walker,6.0,0.2395,Foggy,Full Moon,16.8,43.8,17.0,46.6,5.7,8.0
2023-05-27,St. Louis,Runner,7.5,0.4146,Rainy,Last Quarter,17.3,67.7,7.7,564.2,3.0,5.0
2023-11-19,Winnipeg,Crawler,14.0,0.4219,Rainy,Full Moon,18.4,89.4,2.3,505.1,9.6,11.0
2023-05-08,Winnipeg,Walker,8.0,0.1062,Sunny,Waning Gibbous,12.6,75.3,6.0,260.8,15.5,5.0
2023-10-25,Milwaukee,Runner,15.0,0.0347,Foggy,Waning Crescent,17.5,78.8,14.8,35.6,3.6,10.0
2023-09-21,Kansas City,Runner,16.5,0.1067,Stormy,Last Quarter,40.8,57.9,1.5,146.3,1.0,9.0
2023-08-22,Kansas City,Walker,9.0,0.8106,Sunny,Waning Crescent,31.4,79.6,11.3,267.0,4.2,8.0
2023-08-09,Kansas City,Runner,7.5,0.2651,Foggy,Waning Crescent,25.6,32.8,0.9,275.5,11.1,8.0
2023-11-21,Chicago,Walker,20.0,0.4038,Foggy,First Quarter,36.3,46.6,33.9,90.8,3.7,11.0
2023-05-23,St. Louis,Walker,26.0,0.5277,Foggy,First Quarter,17.8,42.7,14.3,18.6,16.9,5.0
2023-10-23,Fargo,Jumper,9.0,0.2709,Stormy,Full Moon,14.4,82.8,0.8,665.9,9.9,10.0
2023-09-18,Madison,Walker,13.0,0.5239,Stormy,Waning Crescent,21.7,31.8,4.3,868.7,2.4,9.0
2023-06-14,Des Moines,Crawler,5.0,0.4959,Foggy,Waxing Crescent,16.5,57.0,22.1,104.9,11.0,6.0
2023-08-28,Fargo,Runner,4.5,0.4047,Cloudy,First Quarter,18.6,76.6,0.6,184.0,12.6,8.0
2023-12-15,,Runner,9.0,0.2325,Stormy,First Quarter,35.7,40.6,8.4,338.2,6.1,12.0
2023-02-15,Rochester,Walker,18.0,0.0563,Foggy,Waxing Gibbous,2.0,48.8,1.1,666.5,7.2,2.0
2023-05-27,Rochester,Walker,10.0,0.3221,Stormy,Waning Crescent,-2.6,90.0,20.5,136.0,5.2,5.0
2023-01-18,Milwaukee,Walker,13.0,0.1295,Sunny,Full Moon,12.0,72.7,0.3,162.9,13.4,1.0
2023-05-29,St. Louis,Walker,9.0,0.1735,Cloudy,Waning Gibbous,23.7,81.0,8.5,209.2,3.0,5.0
2023-08-31,Winnipeg,Jumper,15.0,0.1542,Sunny,Waxing Crescent,21.4,83.8,6.3,1533.8,8.3,8.0
2023-11-18,Madison,Walker,6.0,0.0274,Foggy,Waning Gibbous,24.8,89.0,7.0,17.1,19.0,11.0
2023-01-02,Des Moines,Crawler,8.0,0.1549,Rainy,Last Quarter,11.6,61.4,38.6,1669.5,18.1,1.0
2023-06-24,Des Moines,Runner,19.5,0.5637,Rainy,First Quarter,21.0,71.2,1.0,454.5,3.1,6.0
2023-09-22,Madison,Walker,11.0,0.1882,Cloudy,Waning Gibbous,30.6,40.3,6.7,1107.5,12.2,9.0
2023-02-14,Madison,Walker,8.0,0.4992,Rainy,New Moon,7.0,69.2,13.6,3013.8,2.5,2.0
2023-08-24,Milwaukee,Crawler,3.0,0.2529,Rainy,Waxing Gibbous,10.8,36.9,18.8,463.2,24.2,8.0
2023-12-09,Minneapolis,Crawler,11.0,0.3098,Cloudy,Waxing Crescent,29.5,50.8,5.1,186.4,9.4,12.0
2023-02-01,Fargo,Walker,11.0,0.3391,Foggy,Waning Gibbous,8.3,61.1,2.1,208.6,12.9,2.0
2023-06-28,Rochester,Runner,1.5,0.2773,Cloudy,Waxing Gibbous,22.5,30.5,2.1,256.6,,6.0
2023-09-02,St. Louis,Walker,8.0,0.2701,Cloudy,Waxing Crescent,25.5,42.1,18.9,86.6,12.9,9.0
2023-05-21,Winnipeg,Crawler,19.0,0.2527,Foggy,Waxing Gibbous,13.2,68.3,3.5,532.6,6.0,5.0
2023-05-04,Rochester,Crawler,12.0,0.01,Rainy,Waxing Crescent,1.8,71.1,6.8,124.5,8.6,5.0
2023-02-04,St. Louis,Runner,15.0,0.5257,Stormy,Waning Gibbous,14.4,82.5,7.9,444.6,4.8,2.0
2023-03-30,Milwaukee,Crawler,3.0,0.1042,Foggy,First Quarter,5.3,33.9,,84.9,2.6,3.0
2023-07-27,Madison,Walker,6.0,0.1633,Foggy,New Moon,9.7,89.9,6.9,392.7,10.1,7.0
2023-12-05,Chicago,Crawler,4.0,0.1766,Rainy,New Moon,26.2,64.6,0.8,25.0,6.7,12.0
2023-03-15,Fargo,Walker,15.0,0.4863,,Last Quarter,-12.6,85.0,10.2,159.7,7.3,3.0
2023-07-12,Kansas City,Walker,12.0,0.5186,Sunny,Waning Crescent,26.1,69.3,28.3,108.9,5.5,7.0
2023-03-22,Madison,Runner,9.0,0.2852,Rainy,Waxing Gibbous,-0.9,36.5,26.0,198.8,5.4,3.0
2023-10-19,St. Louis,Walker,14.0,0.1767,,Full Moon,28.5,77.8,12.2,46.4,8.9,10.0
2023-02-08,Rochester,Jumper,10.0,0.5275,Rainy,Waning Gibbous,13.8,79.8,11.6,39.2,6.8,2.0
2023-05-29,St. Louis,Jumper,8.0,0.4227,Cloudy,Last Quarter,19.1,30.6,23.0,135.3,6.0,5.0
2023-07-08,Madison,Jumper,4.0,0.3149,Foggy,Last Quarter,16.2,67.0,0.5,55.7,11.6,7.0
2023-03-22,Fargo,Crawler,10.0,0.1177,Cloudy,Waning Crescent,13.6,35.0,2.8,347.8,10.3,3.0
2023-06-26,Madison,Crawler,11.0,0.0787,Sunny,Waning Gibbous,14.2,34.8,10.2,,6.6,6.0
2023-11-23,Minneapolis,Walker,13.0,0.3495,Cloudy,First Quarter,34.4,89.6,15.4,140.9,1.7,11.0
2023-03-27,Kansas City,Runner,15.0,0.4789,Rainy,Waning Gibbous,25.7,61.0,4.6,140.1,15.4,3.0
2023-08-14,Madison,Walker,16.0,0.4037,Sunny,Waning Gibbous,25.6,82.4,22.3,199.8,2.4,8.0
2023-09-13,Madison,Walker,19.0,0.3725,Cloudy,Waning Crescent,27.3,57.8,7.3,121.5,3.0,9.0
2023-03-16,Winnipeg,Walker,8.0,0.196,Foggy,Last Quarter,2.0,45.9,2.3,44.1,5.0,3.0
2023-10-12,Kansas City,Runner,22.5,0.1663,Rainy,First Quarter,19.9,47.3,14.7,384.7,8.1,10.0
2023-01-04,Milwaukee,Runner,25.5,0.4262,Stormy,Waning Gibbous,1.8,55.6,5.3,52.0,26.6,1.0
2023-10-02,Des Moines,Walker,11.0,0.5398,Stormy,Waxing Crescent,34.8,60.4,6.3,1437.1,9.9,10.0
2023-07-28,Minneapolis,Jumper,12.0,0.6021,Stormy,Waxing Crescent,13.8,43.2,7.0,94.8,2.8,7.0
2023-06-11,Rochester,Runner,24.0,0.4712,Sunny,Last Quarter,4.7,76.6,22.0,12.6,12.0,6.0
2023-11-17,St. Louis,Walker,12.0,0.2858,Cloudy,Waxing Gibbous,36.4,83.7,2.9,168.5,16.6,11.0
2023-06-09,Winnipeg,Walker,5.0,0.2698,Cloudy,New Moon,-0.3,58.1,3.9,122.0,11.2,6.0
2023-08-31,Fargo,Walker,18.0,0.2005,Foggy,First Quarter,20.0,48.5,26.0,83.0,5.7,8.0
2023-10-11,Rochester,Walker,9.0,0.5742,Foggy,Waning Gibbous,28.2,46.7,1.2,735.5,5.6,10.0
2023-03-02,Winnipeg,Walker,3.0,0.1785,Sunny,Waning Crescent,10.2,40.7,,10.3,12.0,3.0
2023-01-07,Winnipeg,Walker,9.0,0.0563,Cloudy,Last Quarter,-5.7,75.3,5.9,424.0,4.1,1.0
2023-05-29,St. Louis,Runner,24.0,0.4004,Sunny,Waning Crescent,25.9,59.5,10.8,93.7,7.0,5.0
2023-04-15,Fargo,Jumper,8.0,0.4957,Stormy,Last Quarter,18.5,63.5,9.1,94.0,5.1,4.0
2023-12-06,Minneapolis,Walker,12.0,0.1499,Sunny,Waxing Crescent,29.4,79.2,4.4,71.0,12.1,12.0
2023-10-05,Chicago,Runner,16.5,0.2819,Sunny,Waning Gibbous,32.6,77.4,10.8,117.4,17.8,10.0
2023-04-26,Winnipeg,Runner,28.5,0.4987,Sunny,Waxing Gibbous,8.3,30.7,1.6,96.9,10.0,4.0
2023-06-07,Madison,Walker,8.0,0.6658,Cloudy,First Quarter,27.6,63.9,10.2,495.7,12.7,6.0
2023-10-19,Winnipeg,Walker,6.0,0.1407,Cloudy,New Moon,30.4,56.7,,74.6,1.7,10.0
2023-07-13,Rochester,Walker,17.0,0.1181,Sunny,Full Moon,34.5,66.7,7.0,183.6,11.6,7.0
2023-08-24,Des Moines,Walker,12.0,0.2467,Foggy,Waxing Crescent,15.7,67.6,22.5,54.2,1.0,8.0
2023-12-04,Minneapolis,Runner,21.0,0.385,Sunny,Last Quarter,25.6,72.0,7.0,106.0,4.8,12.0
2023-01-04,St. Louis,Walker,8.0,0.324,Sunny,Last Quarter,17.3,78.4,34.6,108.3,9.0,1.0
2023-11-27,Des Moines,Walker,10.0,0.2495,Foggy,Waxing Gibbous,41.7,56.6,14.3,248.1,4.1,11.0
2023-04-05,St. Louis,Walker,5.0,0.3317,Foggy,Last Quarter,9.8,61.3,4.4,245.4,11.4,4.0
2023-03-14,Winnipeg,Crawler,13.0,0.6537,Stormy,First Quarter,-6.3,69.6,10.4,79.5,5.6,3.0
2023-05-03,St. Louis,Runner,21.0,0.236,Rainy,New Moon,17.3,41.2,19.8,149.7,5.2,5.0
2023-07-26,St. Louis,Walker,7.0,0.5701,Sunny,New Moon,37.3,65.8,28.6,89.8,1.0,7.0
2023-10-08,Milwaukee,Walker,6.0,0.1124,Stormy,First Quarter,19.3,66.3,6.6,110.9,1.9,10.0
2023-01-23,Madison,Walker,11.0,0.665,Foggy,Waxing Crescent,8.8,86.8,30.9,80.7,4.9,1.0
2023-02-24,Madison,Walker,6.0,0.523,Rainy,Last Quarter,4.8,83.5,1.9,79.4,2.8,2.0
2023-09-09,Madison,Walker,12.0,0.6347,Sunny,New Moon,37.5,,2.1,72.2,4.2,9.0
2023-01-15,Fargo,Walker,9.0,0.3342,Stormy,New Moon,9.2,37.6,2.2,83.8,11.8,1.0
2023-09-14,Kansas City,Runner,10.5,0.3192,Foggy,Waxing Gibbous,33.6,78.8,1.1,50.1,7.2,
2023-09-10,St. Louis,Crawler,12.0,0.5975,Rainy,Full Moon,27.2,52.1,7.1,218.7,1.9,9.0
2023-08-06,Winnipeg,Runner,24.0,0.3201,Cloudy,Last Quarter,5.1,63.4,8.9,81.7,14.0,8.0
2023-03-15,Rochester,Walker,3.0,0.5167,Sunny,Waning Crescent,6.6,59.8,1.4,70.7,14.8,3.0
2023-06-09,St. Louis,Runner,24.0,0.2272,Foggy,Full Moon,36.9,31.6,26.2,611.5,1.7,6.0
2023-03-29,Minneapolis,Runner,9.0,0.0758,Stormy,Last Quarter,13.8,73.1,3.2,93.5,2.8,3.0
2023-05-23,Des Moines,Walker,5.0,0.5639,Cloudy,Full Moon,24.7,32.8,0.8,52.8,10.6,5.0
2023-04-11,Milwaukee,Crawler,10.0,0.3945,Cloudy,Last Quarter,14.6,80.4,29.5,503.0,1.3,4.0
2023-03-04,Rochester,Walker,6.0,0.2841,Rainy,Waxing Crescent,-4.9,83.8,20.0,1176.5,4.5,3.0
2023-07-15,Minneapolis,Walker,12.0,0.3535,Stormy,Waxing Crescent,20.9,54.4,7.6,115.6,8.8,7.0
2023-10-03,Des Moines,Walker,5.0,0.0854,Sunny,Waning Crescent,34.6,65.4,0.0,158.9,31.2,10.0
2023-08-13,Kansas City,Runner,10.5,0.4018,,Full Moon,30.5,55.1,30.1,444.2,5.8,8.0
2023-09-02,Winnipeg,Walker,4.0,0.3167,Rainy,Waxing Gibbous,23.7,52.5,9.0,25.2,10.6,9.0
2023-08-21,Kansas City,Walker,9.0,0.2819,Foggy,Waxing Gibbous,23.8,30.8,7.8,392.2,,8.0
2023-08-26,St. Louis,Runner,12.0,0.5559,Rainy,New Moon,21.4,30.3,26.4,225.6,2.1,8.0
2023-07-02,Milwaukee,Walker,23.0,0.4123,Rainy,First Quarter,-5.0,89.7,1.7,301.4,3.9,7.0
2023-08-20,Chicago,Walker,10.0,0.24,Foggy,Full Moon,17.9,88.3,1.9,520.7,1.9,8.0
2023-01-06,St. Louis,Runner,12.0,0.3944,Cloudy,Waning Crescent,12.1,63.4,20.1,11.5,11.1,1.0
2023-03-15,Milwaukee,Jumper,6.0,0.5811,Foggy,Waxing Crescent,3.4,82.7,23.7,45.3,5.1,3.0
2023-09-04,Rochester,Walker,10.0,0.1644,Sunny,Last Quarter,33.0,38.0,13.0,245.7,13.7,9.0
2023-05-09,Des Moines,Runner,16.5,0.5869,Foggy,Waning Crescent,12.5,31.2,14.7,61.6,1.7,5.0
2023-04-10,Chicago,Walker,17.0,0.0663,Cloudy,First Quarter,7.7,40.0,0.5,29.4,1.0,4.0
2023-04-07,Kansas City,Walker,7.0,0.1508,Foggy,Waning Gibbous,35.5,79.1,5.9,110.4,13.0,4.0
2023-12-14,St. Louis,Runner,13.5,0.0516,Rainy,Full Moon,40.4,49.3,3.8,97.8,4.6,12.0
2023-08-06,Rochester,Walker,10.0,0.1372,Foggy,Last Quarter,23.4,50.4,10.9,132.4,3.0,8.0
,Madison,Jumper,15.0,0.6673,Cloudy,Waning Crescent,32.5,58.8,0.4,360.5,2.5,12.0
2023-11-19,Winnipeg,Runner,25.5,0.3174,Rainy,Last Quarter,18.3,83.1,21.0,126.1,23.1,11.0
2023-06-19,Des Moines,Crawler,5.0,0.3759,Stormy,Waxing Crescent,35.0,64.7,7.1,265.5,6.6,6.0
2023-10-21,Rochester,Runner,10.5,0.1209,Stormy,Waxing Crescent,40.8,49.9,8.3,132.6,7.4,10.0
2023-02-26,Chicago,Walker,6.0,0.2465,Rainy,Waning Gibbous,2.6,87.2,1.5,55.5,2.7,2.0
2023-03-20,Des Moines,Jumper,11.0,0.2775,Sunny,Last Quarter,37.9,59.9,17.4,381.4,7.4,3.0
2023-10-01,Rochester,Jumper,4.0,0.3671,Rainy,Last Quarter,16.2,32.8,10.4,754.6,8.0,10.0
2023-04-08,St. Louis,Walker,11.0,0.471,Cloudy,Waxing Gibbous,15.9,37.8,8.3,69.6,9.4,4.0
2023-09-09,Madison,Crawler,6.0,0.0969,Foggy,New Moon,18.8,61.5,30.9,161.5,7.9,9.0
2023-07-01,Chicago,Walker,10.0,0.4336,Sunny,Waxing Crescent,18.8,84.8,29.3,1200.1,15.0,7.0
2023-08-04,Minneapolis,Crawler,11.0,0.316,Stormy,Last Quarter,20.4,46.2,0.3,104.2,11.1,8.0
2023-06-29,Rochester,Runner,21.0,0.319,Rainy,Full Moon,17.0,33.6,3.8,143.4,10.8,6.0
2023-08-11,Madison,Walker,13.0,0.1734,Sunny,Waning Crescent,32.0,32.7,2.5,97.6,16.9,8.0
2023-05-01,Rochester,Runner,12.0,0.4494,Foggy,Waxing Crescent,6.8,36.9,36.6,117.0,3.1,5.0
2023-11-11,Kansas City,Jumper,10.0,0.3431,Foggy,Waxing Crescent,36.7,58.1,1.0,100.3,7.2,11.0
2023-08-04,Rochester,Walker,13.0,0.2191,Cloudy,Full Moon,25.6,53.7,3.8,40.9,,8.0
2023-01-13,Winnipeg,Runner,10.5,0.3375,Rainy,Waning Gibbous,9.1,31.8,12.4,192.7,3.6,1.0
2023-08-26,Fargo,Runner,9.0,0.3374,Cloudy,New Moon,8.3,36.8,5.5,117.2,15.0,8.0
2023-12-07,Des Moines,Runner,16.5,0.2226,Rainy,Waning Gibbous,18.0,86.7,19.6,252.9,18.3,12.0
2023-08-23,St. Louis,Crawler,16.0,0.1429,Stormy,First Quarter,34.3,41.9,3.5,68.0,9.5,8.0
2023-12-06,Kansas City,Crawler,12.0,0.5636,Sunny,First Quarter,33.6,56.3,,119.2,2.9,12.0
2023-12-04,Winnipeg,Walker,10.0,0.1166,Sunny,Last Quarter,24.9,49.6,10.1,160.4,22.3,12.0
2023-01-16,Rochester,Walker,10.0,0.4214,Foggy,Last Quarter,3.6,85.8,2.2,138.7,12.1,1.0
2023-01-28,Chicago,Crawler,12.0,0.1382,Sunny,Waxing Crescent,11.7,73.6,12.0,1579.4,6.5,1.0
2023-05-09,Rochester,Walker,7.0,0.1509,Foggy,Full Moon,0.9,71.6,2.2,208.4,7.2,5.0
2023-02-11,Kansas City,Jumper,10.0,0.1606,Sunny,First Quarter,18.6,88.1,7.7,61.4,14.7,2.0
2023-04-17,Winnipeg,Runner,18.0,0.2683,Rainy,First Quarter,8.2,69.6,18.4,375.6,15.2,4.0
2023-05-14,Rochester,Walker,12.0,0.4624,Sunny,First Quarter,16.0,38.5,36.8,152.6,12.5,5.0
2023-02-01,Rochester,Walker,6.0,0.4575,Stormy,Full Moon,7.2,66.3,8.1,340.0,3.2,2.0
2023-08-12,Fargo,Walker,13.0,0.5243,Cloudy,First Quarter,20.7,45.7,7.3,126.2,19.1,8.0
2023-12-03,Rochester,Walker,13.0,0.7487,Rainy,Last Quarter,26.7,50.1,15.8,371.0,6.1,12.0
2023-11-26,St. Louis,Runner,7.5,0.3496,Stormy,Last Quarter,34.0,38.2,28.7,67.7,3.8,11.0
2023-07-25,Minneapolis,Runner,1.5,0.1055,Foggy,Last Quarter,10.7,31.7,1.4,180.4,5.1,7.0
2023-12-02,Fargo,Runner,7.5,0.0228,Sunny,Waxing Gibbous,31.4,55.2,2.7,198.5,27.2,12.0
2023-05-18,Madison,Crawler,18.0,0.1884,Stormy,Full Moon,28.3,61.7,6.9,514.4,10.5,5.0
2023-07-31,Minneapolis,Runner,12.0,0.2806,Stormy,Waxing Crescent,24.4,78.7,8.9,141.9,13.2,7.0
2023-04-07,Fargo,Jumper,14.0,0.3297,Rainy,Waning Crescent,3.3,82.7,17.0,654.1,5.6,4.0
2023-04-05,Des Moines,Walker,13.0,0.2011,Rainy,New Moon,20.6,35.2,5.4,25.8,3.3,4.0
2023-06-24,Fargo,Crawler,7.0,0.5564,Foggy,Waxing Crescent,8.5,81.4,9.7,348.6,2.3,6.0
2023-04-26,Madison,Walker,8.0,0.076,Sunny,Full Moon,9.7,72.3,29.6,5.2,17.4,4.0
2023-06-14,Rochester,Walker,10.0,0.4283,Rainy,Waxing Crescent,12.0,80.5,0.3,443.2,16.0,6.0
2023-10-11,Kansas City,Walker,14.0,0.5836,Stormy,Waxing Crescent,30.7,39.1,2.7,179.4,1.3,10.0
2023-02-27,Madison,Runner,13.5,0.1491,Foggy,Last Quarter,16.5,89.5,19.3,126.2,22.1,2.0
2023-08-18,Winnipeg,Walker,6.0,0.5314,Rainy,New Moon,16.8,30.8,0.9,89.1,7.3,8.0
2023-08-11,St. Louis,Runner,27.0,0.1807,Sunny,Waning Crescent,35.1,82.9,5.4,278.4,8.3,8.0
2023-06-11,Winnipeg,Runner,13.5,0.0883,Rainy,Waning Crescent,1.9,40.9,12.2,40.6,5.1,6.0
2023-11-28,Winnipeg,Runner,24.0,0.4118,Foggy,Last Quarter,14.3,58.4,20.9,216.5,8.9,11.0
2023-02-17,Rochester,Crawler,6.0,0.1976,Cloudy,Waning Crescent,3.3,41.8,0.1,157.3,21.6,2.0
2023-07-06,Milwaukee,Runner,15.0,0.3787,Rainy,Waxing Crescent,20.1,34.3,22.0,84.9,3.7,7.0
2023-04-25,Winnipeg,Walker,7.0,0.2781,Rainy,Waxing Crescent,-2.7,53.2,6.5,410.1,11.1,4.0
2023-03-13,Des Moines,Jumper,16.0,0.3309,Cloudy,Full Moon,22.0,83.6,2.8,25.6,25.5,3.0
2023-10-11,Rochester,Crawler,5.0,0.2497,Cloudy,Waning Gibbous,17.6,65.0,10.4,1129.2,12.3,10.0
2023-05-23,Winnipeg,Walker,11.0,0.4729,Sunny,Waning Gibbous,15.4,69.0,0.4,104.7,17.9,5.0
2023-02-07,Madison,Runner,25.5,0.0552,Rainy,Waxing Crescent,5.8,65.2,7.2,75.5,13.3,2.0
2023-04-25,Madison,Walker,5.0,0.4153,Foggy,Last Quarter,,52.1,18.2,228.8,7.5,4.0
2023-06-17,Fargo,Walker,9.0,0.231,Rainy,New Moon,15.5,70.0,5.8,176.9,7.1,6.0
2023-11-23,Madison,Walker,9.0,0.6274,Stormy,Waning Crescent,40.1,59.2,16.1,102.5,5.6,11.0
2023-01-23,St. Louis,Jumper,9.0,0.4096,Stormy,Waxing Gibbous,11.2,61.3,11.6,607.2,15.4,1.0
2023-05-06,Chicago,Walker,11.0,0.3996,Cloudy,Waxing Gibbous,15.9,57.5,8.7,67.0,22.4,5.0
2023-04-16,St. Louis,Walker,3.0,0.1479,Stormy,Waxing Gibbous,13.9,37.2,23.0,1063.8,18.5,4.0
2023-08-13,Winnipeg,Walker,11.0,0.2269,Foggy,Waxing Crescent,10.5,,12.4,82.0,10.8,8.0
2023-04-21,Minneapolis,Walker,4.0,0.1136,Foggy,Waning Crescent,12.7,54.0,2.4,105.1,29.6,4.0
2023-04-20,Winnipeg,Walker,14.0,0.4153,Sunny,Last Quarter,17.1,78.6,48.1,77.7,7.3,4.0
2023-06-21,Rochester,Runner,10.5,0.1686,Stormy,Last Quarter,12.0,75.0,7.0,74.8,21.9,6.0
2023-03-23,Rochester,Runner,13.5,0.1047,Sunny,Waxing Crescent,,81.5,1.0,92.0,11.1,3.0
2023-08-12,Fargo,Runner,13.5,0.2914,Rainy,Waxing Crescent,22.8,68.4,24.9,504.3,10.1,8.0
2023-11-02,Des Moines,Walker,12.0,0.4537,Cloudy,New Moon,30.9,56.9,8.0,65.5,1.4,11.0
2023-12-09,Des Moines,Walker,11.0,0.4015,Stormy,Full Moon,35.7,71.1,6.9,94.9,7.6,12.0
2023-04-01,Madison,Walker,8.0,0.5096,Sunny,Full Moon,10.8,64.7,30.6,65.6,6.6,4.0
2023-05-05,St. Louis,Runner,9.0,0.2377,Cloudy,Waning Gibbous,32.6,73.7,32.4,134.8,2.3,5.0
2023-08-29,Fargo,Crawler,8.0,0.298,Rainy,Waxing Gibbous,23.0,83.8,0.9,346.4,12.0,8.0
2023-08-13,Madison,Crawler,18.0,0.2162,Stormy,Waning Gibbous,11.0,64.7,6.0,49.0,6.4,8.0
2023-07-12,Minneapolis,Jumper,10.0,0.2297,Rainy,Waxing Crescent,19.7,50.1,7.1,564.6,5.3,7.0
2023-01-24,Milwaukee,Crawler,5.0,0.248,Foggy,Waning Gibbous,9.6,71.2,8.8,98.7,20.0,1.0
2023-11-10,Minneapolis,Walker,7.0,0.5039,Sunny,First Quarter,36.7,42.1,4.7,66.9,5.4,11.0
2023-08-02,Rochester,Runner,10.5,0.3966,Cloudy,Waning Crescent,15.5,43.1,34.4,55.3,5.4,8.0
2023-08-27,Chicago,Walker,,0.2002,Cloudy,Waning Gibbous,14.7,76.3,9.7,76.3,6.1,8.0
2023-02-13,Milwaukee,Jumper,7.0,0.371,Foggy,First Quarter,4.8,63.1,1.4,412.8,4.2,2.0
2023-05-06,Kansas City,Walker,14.0,0.5168,Cloudy,Waning Crescent,36.9,38.7,6.9,1141.2,1.9,5.0
2023-07-19,Chicago,Runner,25.5,0.1806,Stormy,Waning Crescent,28.4,67.5,8.4,159.4,2.9,7.0
2023-01-09,St. Louis,Walker,8.0,0.3969,Stormy,Waxing Gibbous,8.0,58.7,4.4,46.8,11.5,1.0
2023-01-24,Kansas City,Walker,11.0,0.4098,Cloudy,New Moon,,52.8,11.8,145.3,8.2,1.0
2023-09-29,Minneapolis,Walker,2.0,0.3915,Stormy,New Moon,19.5,73.9,5.3,164.9,11.2,9.0
2023-05-06,Fargo,Runner,9.0,0.2122,Foggy,Waxing Gibbous,13.0,86.9,4.4,66.3,13.4,5.0
2023-11-27,Chicago,Walker,7.0,0.3357,Foggy,New Moon,24.7,39.7,6.0,121.9,20.5,11.0
2023-09-18,Rochester,Runner,9.0,0.289,Foggy,Waning Crescent,30.1,39.1,2.0,142.2,2.6,9.0
2023-07-12,Rochester,Walker,11.0,0.594,Stormy,Waning Gibbous,22.0,47.7,1.5,84.9,5.8,7.0
2023-04-07,Madison,Walker,9.0,0.275,Cloudy,Full Moon,21.3,89.5,0.8,90.2,2.3,4.0
2023-02-12,Fargo,Runner,13.5,0.4728,Sunny,First Quarter,9.0,41.1,14.2,148.5,12.1,2.0
2023-02-06,Kansas City,Crawler,10.0,0.1476,Sunny,Waning Gibbous,7.6,57.0,2.3,191.0,11.7,2.0
2023-08-27,St. Louis,Runner,10.5,0.2383,Rainy,Waning Gibbous,32.2,66.2,13.4,329.6,3.4,8.0
2023-04-10,Fargo,Walker,9.0,0.1985,Foggy,Last Quarter,5.5,56.2,6.6,250.1,10.7,4.0
2023-03-18,Des Moines,Runner,10.5,0.3329,Stormy,Waxing Crescent,16.8,78.7,0.1,29.0,8.8,3.0
2023-06-24,Minneapolis,Crawler,16.0,0.3471,Cloudy,Waxing Gibbous,12.9,34.1,8.6,25.6,17.8,6.0
2023-12-16,Minneapolis,Crawler,4.0,0.2946,Foggy,Waning Gibbous,28.1,34.8,4.0,812.4,10.8,12.0
2023-02-10,Fargo,Runner,10.5,0.0277,Cloudy,Waxing Gibbous,2.2,80.7,30.9,332.0,12.5,2.0
2023-10-30,Des Moines,Runner,15.0,0.0403,Sunny,First Quarter,31.1,35.1,,511.2,4.3,10.0
2023-11-14,Fargo,Walker,9.0,0.4,Foggy,New Moon,22.7,44.2,35.2,191.0,3.4,11.0
,Madison,Runner,15.0,0.3969,Foggy,First Quarter,20.5,82.8,3.7,973.9,5.8,10.0
2023-07-07,Madison,Runner,18.0,0.5122,Rainy,First Quarter,14.5,74.8,6.1,30.3,5.5,7.0
2023-01-22,Madison,Walker,8.0,0.0722,Cloudy,Waning Gibbous,-12.0,33.2,7.2,342.5,3.8,1.0
2023-02-05,Winnipeg,Walker,10.0,0.2809,Foggy,Last Quarter,11.2,74.6,25.1,619.3,4.3,2.0
2023-07-06,Madison,Runner,15.0,0.244,Stormy,First Quarter,24.6,56.5,7.9,30.6,3.6,7.0
2023-01-23,Rochester,Crawler,9.0,0.2846,Cloudy,First Quarter,-6.0,60.1,0.5,18.0,7.5,1.0
2023-02-12,Milwaukee,Runner,16.5,0.2676,Foggy,Waning Gibbous,-0.2,40.6,0.3,112.8,12.0,2.0
2023-03-29,Minneapolis,Walker,4.0,0.2872,Stormy,Full Moon,6.5,63.3,3.3,66.7,5.3,3.0
2023-01-24,Rochester,Walker,11.0,0.2652,Rainy,Waning Crescent,-6.1,84.0,7.3,91.1,7.4,1.0
2023-03-19,St. Louis,Runner,15.0,0.5346,Rainy,First Quarter,19.6,56.0,14.9,106.4,3.5,3.0
2023-01-02,Minneapolis,Jumper,10.0,0.4331,Cloudy,Waning Gibbous,6.9,33.0,13.5,194.9,7.0,1.0
2023-12-07,Kansas City,Jumper,8.0,0.1823,Rainy,,30.1,80.8,0.0,286.5,14.9,12.0
2023-01-29,Chicago,Walker,9.0,0.0548,Cloudy,Full Moon,2.5,88.3,8.7,740.3,8.9,1.0
2023-10-25,St. Louis,Runner,16.5,0.4804,Stormy,Waning Crescent,26.0,37.5,37.6,163.7,8.1,10.0
2023-11-14,Des Moines,Runner,4.5,0.4772,Sunny,Waning Crescent,45.0,34.6,0.2,73.4,2.5,11.0
2023-08-27,Minneapolis,Walker,6.0,0.6512,Rainy,New Moon,34.5,87.2,8.0,909.4,4.9,8.0
2023-01-25,Fargo,Runner,27.0,0.5111,Rainy,Waxing Gibbous,9.3,73.5,4.0,233.1,4.6,1.0
2023-08-25,St. Louis,Walker,13.0,0.3944,Sunny,Last Quarter,26.6,87.3,7.6,241.4,9.0,8.0
2023-07-11,Minneapolis,Walker,11.0,0.0864,Cloudy,First Quarter,10.4,72.1,4.7,191.9,11.3,7.0
2023-04-16,Rochester,Crawler,15.0,0.4146,Stormy,Waxing Crescent,6.5,67.4,14.6,124.3,21.4,4.0
2023-03-09,Madison,Walker,8.0,0.2065,Foggy,Waning Gibbous,10.2,44.5,13.7,648.7,1.9,3.0
2023-01-24,Winnipeg,Crawler,16.0,0.1391,Sunny,First Quarter,24.2,30.6,36.7,12.9,3.4,1.0
2023-08-25,Minneapolis,Runner,16.5,0.3669,Sunny,First Quarter,25.4,54.0,23.8,87.0,19.2,8.0
2023-11-30,St. Louis,Crawler,17.0,0.0557,Stormy,Waning Crescent,31.3,69.7,7.8,193.7,17.1,11.0
2023-10-15,St. Louis,Walker,14.0,0.5684,Sunny,Waning Crescent,38.1,69.2,7.5,607.9,19.6,10.0
2023-03-05,Chicago,Crawler,10.0,0.4477,Rainy,Full Moon,7.1,44.4,35.6,124.1,2.2,3.0
2023-05-27,Kansas City,Walker,8.0,0.1294,Cloudy,First Quarter,20.9,84.5,2.8,30.4,4.8,5.0
2023-11-07,Winnipeg,Jumper,16.0,0.3666,Sunny,New Moon,30.1,72.4,0.4,239.9,7.1,11.0
2023-07-24,Winnipeg,Runner,19.5,0.2663,Cloudy,First Quarter,-0.6,30.8,5.6,361.6,4.3,7.0
2023-06-28,Winnipeg,Walker,12.0,0.4175,Sunny,Full Moon,2.4,80.0,28.5,944.4,3.9,6.0
2023-12-29,Des Moines,Walker,12.0,0.1356,,Waning Crescent,26.8,31.5,6.5,376.1,12.6,12.0
2023-08-19,Des Moines,Runner,15.0,0.5492,Cloudy,Waning Crescent,22.1,47.5,10.3,326.6,3.5,8.0
2023-12-20,Des Moines,Walker,14.0,0.4737,Foggy,Full Moon,20.7,75.0,3.5,,14.8,12.0
2023-01-18,Winnipeg,Walker,9.0,0.2147,Cloudy,Waxing Crescent,3.8,33.1,0.6,228.2,13.8,1.0
2023-10-09,Milwaukee,Runner,9.0,0.0968,Cloudy,Waxing Gibbous,17.3,84.7,0.8,134.5,34.1,10.0
2023-02-03,Chicago,Runner,9.0,0.167,,First Quarter,4.0,78.2,1.4,33.9,5.8,2.0
2023-11-02,Kansas City,Walker,8.0,0.2737,Foggy,New Moon,30.5,41.3,1.1,17.3,6.5,11.0
2023-02-02,Milwaukee,Runner,15.0,0.1702,Cloudy,Waning Crescent,22.3,49.6,0.2,655.9,11.1,2.0
2023-04-26,Des Moines,Jumper,3.0,0.1074,Sunny,Waning Gibbous,21.9,71.2,5.2,732.8,2.7,4.0
2023-10-05,St. Louis,Walker,17.0,0.1856,Cloudy,New Moon,39.4,45.0,14.4,259.4,16.4,10.0
2023-11-19,Winnipeg,Runner,18.0,0.4078,Sunny,First Quarter,36.7,44.7,5.5,439.3,7.6,11.0
2023-09-12,Chicago,Runner,28.5,0.3562,Foggy,Waning Gibbous,19.5,78.5,0.0,247.1,7.0,9.0
2023-08-05,Madison,Crawler,9.0,0.1454,Stormy,First Quarter,30.2,51.6,13.9,176.5,6.5,8.0
2023-10-02,St. Louis,Walker,9.0,0.3395,Stormy,Waning Crescent,19.9,43.1,27.4,76.2,16.3,10.0
2023-11-25,St. Louis,Runner,3.0,0.3446,Cloudy,Waning Crescent,42.0,64.2,0.8,117.7,5.8,11.0
2023-04-12,Chicago,Jumper,17.0,0.883,Cloudy,Waning Crescent,1.8,32.0,2.7,34.8,4.4,4.0
2023-07-13,Rochester,Runner,15.0,0.224,Sunny,New Moon,13.0,87.4,6.7,516.7,22.5,7.0
2023-08-16,Kansas City,Walker,7.0,0.4359,Stormy,Waning Crescent,33.1,59.0,1.6,92.3,3.3,8.0
2023-01-09,Kansas City,Runner,9.0,0.032,Stormy,New Moon,15.1,54.0,1.9,428.4,6.6,1.0
2023-04-28,Milwaukee,Walker,14.0,0.4938,Sunny,Waning Gibbous,22.2,68.2,0.1,59.9,26.5,4.0
2023-05-14,Fargo,Walker,13.0,0.0414,Foggy,Last Quarter,11.2,54.6,10.6,284.3,14.5,5.0
2023-04-15,Chicago,Walker,14.0,0.1185,Foggy,Waning Gibbous,7.6,69.0,6.5,18.8,6.0,4.0
2023-08-25,Des Moines,Walker,14.0,0.1846,Rainy,Waning Crescent,17.9,73.4,20.2,1181.8,5.6,8.0
2023-12-23,Fargo,Walker,15.0,0.0875,Cloudy,First Quarter,15.5,80.7,46.3,657.5,6.9,12.0
2023-02-25,Kansas City,Runner,10.5,0.2344,Foggy,Full Moon,12.7,83.0,4.3,174.8,11.8,2.0
2023-10-05,Milwaukee,Walker,8.0,0.159,Stormy,Full Moon,24.6,34.6,28.3,241.6,8.0,10.0
2023-08-21,Chicago,Runner,22.5,0.2243,Cloudy,Waxing Gibbous,14.8,63.3,4.2,65.1,17.8,8.0
2023-06-19,Fargo,Crawler,6.0,0.5994,Rainy,New Moon,11.8,52.7,9.4,,4.1,6.0
2023-10-28,Kansas City,Walker,8.0,0.1836,Stormy,Waxing Crescent,29.9,76.8,27.3,519.8,15.3,10.0
2023-08-04,Des Moines,Walker,11.0,0.4258,Foggy,Waxing Gibbous,19.5,84.7,0.0,82.8,10.7,8.0
2023-03-19,St. Louis,Crawler,10.0,0.2382,Rainy,Waning Crescent,3.9,64.8,6.9,351.8,6.6,3.0
2023-03-03,Chicago,Walker,10.0,0.1085,Foggy,Waxing Gibbous,-3.2,62.2,12.4,33.9,11.5,3.0
2023-12-07,Winnipeg,Crawler,9.0,0.7095,Foggy,New Moon,24.9,53.0,11.5,154.7,7.7,12.0
2023-02-12,Des Moines,Runner,13.5,0.5985,Sunny,Waning Gibbous,25.9,77.7,1.1,702.8,14.8,2.0
2023-02-08,Minneapolis,Crawler,3.0,0.2449,Stormy,Last Quarter,5.2,73.9,1.3,519.8,23.7,2.0
2023-02-01,Des Moines,Walker,9.0,0.5009,Rainy,Waning Gibbous,3.8,55.1,3.4,140.8,3.3,2.0
2023-04-03,Fargo,Runner,15.0,0.2515,Rainy,Last Quarter,10.4,31.3,19.4,158.9,17.4,4.0
2023-01-05,Chicago,Walker,17.0,0.364,Rainy,Waning Crescent,18.4,66.2,8.1,417.7,8.3,1.0
2023-06-17,St. Louis,Runner,18.0,0.4749,Cloudy,Waning Crescent,20.5,68.5,5.4,241.6,19.6,6.0
,Des Moines,Walker,16.0,0.3827,Sunny,New Moon,29.9,44.9,10.6,436.5,8.0,5.0
2023-03-18,St. Louis,Walker,11.0,0.1122,Sunny,Full Moon,16.6,78.9,13.3,88.0,5.3,3.0
2023-09-26,St. Louis,Walker,5.0,0.3308,Sunny,Waning Crescent,45.0,34.7,6.1,129.5,16.1,9.0
2023-11-30,Rochester,Walker,9.0,0.1597,Sunny,Waxing Crescent,29.8,76.1,1.9,21.5,6.5,11.0
2023-01-14,Chicago,Runner,21.0,0.2023,Foggy,First Quarter,15.8,47.7,12.9,253.4,2.2,1.0
2023-08-14,Milwaukee,Runner,27.0,0.538,Foggy,First Quarter,23.6,65.3,6.4,26.9,1.1,8.0
2023-02-07,Winnipeg,Crawler,9.0,0.2467,Sunny,Last Quarter,8.6,33.3,18.9,91.3,8.8,2.0
2023-12-26,Rochester,Crawler,15.0,0.1155,Stormy,New Moon,33.8,65.5,4.3,34.0,18.4,12.0
2023-04-03,St. Louis,Walker,7.0,0.2403,Sunny,Last Quarter,33.7,49.7,16.4,91.3,7.9,4.0
2023-02-06,Milwaukee,Runner,15.0,0.5838,Stormy,Full Moon,4.9,35.3,1.2,130.1,2.7,2.0
2023-08-27,Fargo,Walker,,0.3324,Foggy,Waning Gibbous,13.9,66.5,3.2,67.7,8.2,8.0
2023-05-12,Rochester,Walker,13.0,0.2252,Rainy,Waning Crescent,10.1,78.7,1.9,100.5,6.4,5.0
2023-03-12,Rochester,Jumper,15.0,0.1515,Foggy,Waning Crescent,8.1,62.9,3.7,89.7,4.6,3.0
2023-02-23,Milwaukee,Walker,5.0,0.0648,Foggy,Waxing Crescent,7.4,50.7,17.3,246.1,9.2,2.0
2023-09-15,Fargo,Crawler,13.0,0.0714,Cloudy,Waxing Crescent,18.5,71.3,1.8,115.6,5.2,9.0
2023-06-23,Fargo,Walker,12.0,0.2272,Cloudy,Full Moon,23.1,67.8,0.2,243.8,11.4,6.0
2023-01-19,Fargo,Runner,15.0,0.4781,Stormy,Last Quarter,-1.2,55.6,3.1,16.2,21.8,1.0
2023-04-16,Minneapolis,Runner,3.0,0.0412,Sunny,New Moon,8.8,60.8,10.8,104.2,12.3,4.0
2023-08-08,Minneapolis,Runner,9.0,0.1924,Rainy,Waxing Crescent,21.9,86.0,7.0,24.7,4.2,8.0
2023-02-21,Milwaukee,Runner,19.5,0.2477,Foggy,Full Moon,4.3,45.2,9.6,416.7,21.6,
2023-02-05,Des Moines,Runner,18.0,0.0812,Stormy,Waning Crescent,6.3,84.8,14.2,194.4,3.8,2.0
2023-05-21,Milwaukee,Jumper,3.0,0.8394,Cloudy,Full Moon,16.3,41.1,15.2,56.2,2.8,5.0
2023-04-12,Fargo,Crawler,5.0,0.1525,Cloudy,Last Quarter,20.7,66.1,20.3,284.4,10.7,4.0
2023-10-08,Kansas City,Walker,3.0,0.3996,Stormy,Last Quarter,44.4,33.8,0.6,215.7,4.8,10.0
2023-08-31,Milwaukee,Walker,2.0,0.4086,Rainy,Full Moon,13.1,31.3,29.3,133.8,11.2,8.0
2023-05-20,Milwaukee,Walker,10.0,0.4041,Sunny,Waxing Gibbous,13.3,36.9,1.5,718.0,14.5,5.0
2023-04-18,Madison,Crawler,19.0,0.1816,Sunny,Waning Crescent,24.0,38.5,7.2,401.2,16.3,4.0
2023-07-08,Milwaukee,Runner,12.0,0.4572,Rainy,Waning Crescent,27.5,89.4,15.5,340.3,3.8,7.0
2023-04-12,Chicago,Runner,4.5,0.6798,Stormy,Waning Gibbous,0.6,63.2,15.6,67.5,20.5,4.0
2023-12-17,Rochester,Runner,16.5,0.0825,Foggy,Full Moon,13.7,78.7,14.2,428.3,6.3,12.0
2023-04-12,Des Moines,Runner,31.5,0.0757,Foggy,Waxing Gibbous,10.5,56.6,9.6,63.1,6.5,4.0
2023-02-14,Fargo,Runner,15.0,0.1954,Foggy,Waning Gibbous,15.4,30.6,16.9,107.5,3.5,2.0
2023-12-26,Kansas City,,12.0,0.4464,Cloudy,Last Quarter,39.3,80.4,5.5,1681.8,10.8,12.0
2023-10-10,St. Louis,Crawler,6.0,0.3534,Foggy,First Quarter,43.9,79.5,17.4,273.8,4.7,10.0
2023-01-31,St. Louis,Runner,27.0,,Foggy,,13.8,88.8,9.7,38.3,16.8,1.0
2023-06-19,Winnipeg,Walker,17.0,0.0524,Foggy,Waning Crescent,20.8,33.8,5.1,444.6,9.0,6.0
2023-02-15,Winnipeg,Walker,13.0,0.5219,Sunny,Waxing Gibbous,7.5,75.3,1.3,527.9,25.9,2.0
2023-02-12,Minneapolis,Walker,10.0,0.5114,Cloudy,Waning Crescent,0.1,43.7,3.0,204.5,11.3,2.0
2023-12-07,St. Louis,Runner,7.5,0.613,Foggy,First Quarter,42.0,79.0,27.9,105.3,8.1,12.0
2023-02-01,Kansas City,,9.0,0.3365,Foggy,New Moon,9.8,69.8,2.7,172.2,19.2,2.0
2023-06-08,Milwaukee,Runner,6.0,0.4557,Rainy,Waxing Gibbous,14.9,54.3,11.4,436.7,12.6,6.0
2023-12-30,Milwaukee,Walker,9.0,0.4652,Foggy,First Quarter,22.0,42.3,33.8,275.8,12.1,12.0
2023-02-15,Milwaukee,Crawler,3.0,0.1999,Foggy,Waning Gibbous,10.8,64.2,2.2,478.6,4.2,2.0
2023-12-07,Winnipeg,Walker,8.0,0.4458,Sunny,Waxing Gibbous,40.1,54.8,10.2,722.8,10.8,12.0
2023-05-20,Des Moines,Walker,13.0,0.6282,Foggy,New Moon,9.2,65.0,0.4,168.7,3.0,5.0
2023-08-19,Madison,Walker,5.0,0.2174,Sunny,Waxing Gibbous,22.0,85.5,5.9,296.8,20.0,8.0
2023-04-30,Milwaukee,Crawler,12.0,0.3047,Foggy,Waxing Crescent,11.2,46.5,17.2,220.9,2.2,4.0
2023-10-13,Kansas City,Walker,10.0,0.4345,Stormy,Waxing Crescent,25.2,36.9,2.4,134.9,17.4,10.0
2023-05-12,Kansas City,Walker,10.0,0.6297,Cloudy,New Moon,25.1,89.3,42.7,310.6,7.0,5.0
2023-05-05,Rochester,Jumper,6.0,0.2405,Stormy,Last Quarter,16.6,73.7,19.5,16.3,8.6,5.0
2023-07-10,Kansas City,,15.0,0.0684,Rainy,Waning Gibbous,27.1,57.6,2.6,368.7,10.3,7.0
2023-12-30,Milwaukee,Walker,8.0,0.2328,Rainy,Waxing Crescent,29.6,54.1,29.0,143.1,18.1,12.0
2023-02-07,Rochester,Walker,6.0,0.1151,Foggy,New Moon,9.0,33.0,0.4,518.6,9.0,2.0
2023-08-21,Fargo,Runner,22.5,0.1522,Cloudy,First Quarter,19.1,76.9,10.6,168.2,4.8,8.0
2023-07-18,Rochester,Walker,2.0,0.1783,Stormy,Last Quarter,14.4,46.3,22.8,880.0,6.4,7.0
2023-07-26,Kansas City,Jumper,8.0,0.0881,Rainy,Full Moon,20.7,55.2,3.2,576.1,14.1,7.0
2023-02-21,St. Louis,Runner,1.5,0.3226,Rainy,Waxing Crescent,1.1,38.9,21.9,465.2,8.4,2.0
2023-02-08,Fargo,Walker,6.0,0.1832,Cloudy,Last Quarter,-2.9,46.5,22.6,327.9,10.4,2.0
2023-05-30,Des Moines,Runner,9.0,0.2899,Cloudy,Last Quarter,19.5,30.9,11.5,41.8,20.2,5.0
2023-04-20,Kansas City,Jumper,7.0,0.4576,Sunny,Waning Crescent,28.3,63.9,32.5,168.2,15.4,4.0
